disp_size,mp_speed,int_memory,ram,battery_power,mob_width,mob_height,mob_depth,mob_weight,resolution_width,resolution_height,f_cam_1,f_cam_2,p_cam_1,p_cam_2,p_cam_3,p_cam_4,mobile_brand_Mi,mobile_brand_OPPO,mobile_brand_POCO,mobile_brand_Realme,mobile_brand_Redmi,mobile_brand_Samsung,mobile_brand_Vivo,mobile_color_Blue,mobile_color_Brown,mobile_color_Champagne,mobile_color_Concrete,mobile_color_Cyan,mobile_color_Gold,mobile_color_Green,mobile_color_Grey,mobile_color_Mint,mobile_color_Orange,mobile_color_Purple,mobile_color_Radiant Mist,mobile_color_Red,mobile_color_Ruby,mobile_color_Sapphire,mobile_color_Silver,mobile_color_Violet,mobile_color_White,os_Android Lollipop 5.1,os_Android Lollipop 5.4.1,os_Android Marshmallow 6,os_Android Marshmallow 6.0.1,os_Android Nougat 7,os_Android Nougat 7.1,os_Android Nougat 7.1.1,os_Android Nougat 7.1.2,os_Android Oreo 8,os_Android Oreo 8.1,os_Android Pie 9,num_cores_Quad Core,network_top_4G,network_top_4G VOLTE,network_top_5G,mobile_price
16.56,2.0,32,3,5000,75.0,164.4,8.95,195.0,1600,720,5,0.0,12,2.0,2.0,0.0,0,0,0,1,0,0,0,0,0,0,0,0,0,0,0,0,0,0,0,0,0,0,0,0,1,0,0,0,0,0,0,0,0,0,0,0,0,0,1,0,160
16.56,2.0,32,3,5000,75.0,164.4,8.95,195.0,1600,720,5,0.0,12,2.0,2.0,0.0,0,0,0,1,0,0,0,1,0,0,0,0,0,0,0,0,0,0,0,0,0,0,0,0,0,0,0,0,0,0,0,0,0,0,0,0,0,0,1,0,160
16.56,2.0,64,4,5000,75.0,164.4,8.95,195.0,1600,720,5,0.0,12,2.0,2.0,0.0,0,0,0,1,0,0,0,1,0,0,0,0,0,0,0,0,0,0,0,0,0,0,0,0,0,0,0,0,0,0,0,0,0,0,0,0,0,0,1,0,178
16.56,2.0,64,4,5000,75.0,164.4,8.95,195.0,1600,720,5,0.0,12,2.0,2.0,0.0,0,0,0,1,0,0,0,0,0,0,0,0,0,0,0,0,0,0,0,0,0,0,0,0,1,0,0,0,0,0,0,0,0,0,0,0,0,0,1,0,178
16.51,2.0,128,4,5000,75.4,164.4,9.0,199.0,1600,720,16,0.0,48,8.0,2.0,2.0,0,0,0,1,0,0,0,0,0,0,0,0,0,1,0,0,0,0,0,0,0,0,0,0,0,0,0,0,0,0,0,0,0,0,0,0,0,0,1,0,214
16.51,2.0,128,4,5000,75.4,164.4,9.0,199.0,1600,720,16,0.0,48,8.0,2.0,2.0,0,0,0,1,0,0,0,0,0,0,0,0,0,0,0,0,0,0,0,0,0,0,0,0,1,0,0,0,0,0,0,0,0,0,0,0,0,0,1,0,214
16.0,2.3,64,6,4035,74.2,157.0,8.9,184.0,2340,1080,16,0.0,48,8.0,2.0,2.0,0,0,0,1,0,0,0,0,0,0,0,0,0,1,0,0,0,0,0,0,0,0,0,0,0,0,0,0,0,0,0,0,0,0,0,1,0,0,1,0,267
16.0,2.3,128,8,4035,74.2,157.0,8.9,184.0,2340,1080,16,0.0,48,8.0,2.0,2.0,0,0,0,1,0,0,0,0,0,0,0,0,0,1,0,0,0,0,0,0,0,0,0,0,0,0,0,0,0,0,0,0,0,0,0,1,0,0,1,0,303
16.0,2.3,128,8,4035,74.2,157.0,8.9,184.0,2340,1080,16,0.0,48,8.0,2.0,2.0,0,0,0,1,0,0,0,1,0,0,0,0,0,0,0,0,0,0,0,0,0,0,0,0,0,0,0,0,0,0,0,0,0,0,0,1,0,0,1,0,303
16.0,2.3,64,4,4035,74.2,157.0,8.9,184.0,2340,1080,16,0.0,48,8.0,2.0,2.0,0,0,0,1,0,0,0,1,0,0,0,0,0,0,0,0,0,0,0,0,0,0,0,0,0,0,0,0,0,0,0,0,0,0,0,1,0,0,1,0,249
16.51,2.96,256,12,4000,75.7,161.0,8.7,199.0,2400,1080,16,0.0,64,13.0,8.0,2.0,0,0,0,1,0,0,0,0,0,0,0,0,0,0,0,0,0,0,0,0,0,0,0,0,1,0,0,0,0,0,0,0,0,0,0,1,0,0,1,0,641
16.51,2.96,256,12,4000,75.7,161.0,8.7,199.0,2400,1080,16,0.0,64,13.0,8.0,2.0,0,0,0,1,0,0,0,1,0,0,0,0,0,0,0,0,0,0,0,0,0,0,0,0,0,0,0,0,0,0,0,0,0,0,0,1,0,0,1,0,641
16.51,2.96,128,8,4000,75.7,161.0,8.7,199.0,2400,1080,16,0.0,64,13.0,8.0,2.0,0,0,0,1,0,0,0,1,0,0,0,0,0,0,0,0,0,0,0,0,0,0,0,0,0,0,0,0,0,0,0,0,0,0,0,1,0,0,1,0,570
16.51,2.96,128,8,4000,75.7,161.0,8.7,199.0,2400,1080,16,0.0,64,13.0,8.0,2.0,0,0,0,1,0,0,0,0,0,0,0,0,0,0,0,0,0,0,0,0,0,0,0,0,1,0,0,0,0,0,0,0,0,0,0,1,0,0,1,0,570
16.0,1.95,128,8,3500,74.0,156.7,8.5,174.0,2340,1080,16,0.0,16,2.0,0.0,0.0,0,0,0,1,0,0,0,0,0,0,0,0,0,0,0,0,0,0,0,0,0,0,0,0,0,0,0,0,0,0,0,0,0,0,1,0,0,0,1,0,276
16.26,2.3,64,4,4000,75.16,158.7,8.55,183.0,1080,2340,16,0.0,64,8.0,2.0,2.0,0,0,0,1,0,0,0,1,0,0,0,0,0,0,0,0,0,0,0,0,0,0,0,0,0,0,0,0,0,0,0,0,0,0,0,1,0,1,0,0,303
16.26,2.3,64,4,4000,75.16,158.7,8.55,183.0,1080,2340,16,0.0,64,8.0,2.0,2.0,0,0,0,1,0,0,0,0,0,0,0,0,0,0,0,0,0,0,0,0,0,0,0,0,1,0,0,0,0,0,0,0,0,0,0,1,0,1,0,0,303
16.36,2.8,128,8,4200,74.24,158.96,9.65,207.0,1080,2400,32,8.0,64,12.0,8.0,2.0,0,0,0,1,0,0,0,0,0,0,0,0,0,0,0,0,0,0,0,1,0,0,0,0,0,0,0,0,0,0,0,0,0,0,0,0,0,0,0,1,748
16.36,2.8,128,8,4200,74.24,158.96,9.65,207.0,1080,2400,32,8.0,64,12.0,8.0,2.0,0,0,0,1,0,0,0,0,0,0,0,0,0,1,0,0,0,0,0,0,0,0,0,0,0,0,0,0,0,0,0,0,0,0,0,0,0,0,0,1,748
16.36,2.8,256,12,4200,74.24,158.96,9.65,207.0,1080,2400,32,8.0,64,12.0,8.0,2.0,0,0,0,1,0,0,0,0,0,0,0,0,0,1,0,0,0,0,0,0,0,0,0,0,0,0,0,0,0,0,0,0,0,0,0,0,0,0,0,1,837
16.56,2.0,32,3,5000,75.0,164.4,8.95,195.0,720,1600,5,0.0,12,2.0,0.0,0.0,0,0,0,1,0,0,0,1,0,0,0,0,0,0,0,0,0,0,0,0,0,0,0,0,0,0,0,0,0,0,0,0,0,0,0,0,0,0,1,0,160
16.51,2.05,128,6,4300,74.8,162.1,9.6,191.0,2400,1080,16,0.0,64,8.0,2.0,2.0,0,0,0,1,0,0,0,0,0,0,0,0,0,0,0,0,0,0,0,0,0,0,0,0,1,0,0,0,0,0,0,0,0,0,0,0,0,0,1,0,303
16.76,2.3,128,8,4300,75.8,163.9,9.4,195.0,2400,1080,16,8.0,64,12.0,8.0,2.0,0,0,0,1,0,0,0,0,0,0,0,0,0,0,0,0,1,0,0,0,0,0,0,0,0,0,0,0,0,0,0,0,0,0,0,0,0,0,1,0,356
16.76,2.3,128,8,4300,75.8,163.9,9.4,195.0,2400,1080,16,8.0,64,12.0,8.0,2.0,0,0,0,1,0,0,0,1,0,0,0,0,0,0,0,0,0,0,0,0,0,0,0,0,0,0,0,0,0,0,0,0,0,0,0,0,0,0,1,0,356
15.49,2.0,32,2,4000,73.7,154.3,8.5,166.0,1560,720,5,0.0,13,2.0,0.0,0.0,0,0,0,1,0,0,0,0,0,0,0,0,0,0,0,0,0,0,0,0,0,0,0,0,0,0,0,0,0,0,0,0,0,0,0,1,0,0,1,0,125
15.49,2.0,32,2,4000,73.7,154.3,8.5,166.0,1560,720,5,0.0,13,2.0,0.0,0.0,0,0,0,1,0,0,0,1,0,0,0,0,0,0,0,0,0,0,0,0,0,0,0,0,0,0,0,0,0,0,0,0,0,0,0,1,0,0,1,0,125
15.49,2.0,32,3,4000,73.7,154.3,8.5,166.0,1560,720,5,0.0,13,2.0,0.0,0.0,0,0,0,1,0,0,0,0,0,0,0,0,0,0,0,0,0,0,0,0,0,0,0,0,0,0,0,0,0,0,0,0,0,0,0,1,0,0,1,0,133
15.49,2.0,32,3,4000,73.7,154.3,8.5,166.0,1560,720,5,0.0,13,2.0,0.0,0.0,0,0,0,1,0,0,0,1,0,0,0,0,0,0,0,0,0,0,0,0,0,0,0,0,0,0,0,0,0,0,0,0,0,0,0,1,0,0,1,0,133
15.49,2.0,32,3,4000,73.7,154.3,8.5,166.0,1560,720,5,0.0,13,2.0,0.0,0.0,0,0,0,1,0,0,0,0,0,0,0,0,0,0,0,0,0,0,0,0,1,0,0,0,0,0,0,0,0,0,0,0,0,0,0,1,0,0,1,0,133
16.51,2.05,128,8,4300,74.8,162.1,9.6,191.0,2400,1080,16,0.0,64,8.0,2.0,2.0,0,0,0,1,0,0,0,1,0,0,0,0,0,0,0,0,0,0,0,0,0,0,0,0,0,0,0,0,0,0,0,0,0,0,0,0,0,0,1,0,320
15.49,2.0,32,3,4000,73.7,154.3,8.5,166.0,1560,720,5,0.0,13,2.0,0.0,0.0,0,0,0,1,0,0,0,0,0,0,0,0,0,0,0,0,0,0,0,0,0,1,0,0,0,0,0,0,0,0,0,0,0,0,0,1,0,0,1,0,133
16.0,2.3,64,4,4035,74.2,157.0,8.9,184.0,2340,1080,16,0.0,48,8.0,2.0,2.0,0,0,0,1,0,0,0,0,0,0,0,0,0,1,0,0,0,0,0,0,0,0,0,0,0,0,0,0,0,0,0,0,0,0,0,1,0,0,1,0,249
16.51,2.0,128,4,5000,75.6,164.4,9.3,198.0,720,1600,13,0.0,48,8.0,2.0,2.0,0,0,0,1,0,0,0,0,0,0,0,0,0,0,0,0,0,0,0,1,0,0,0,0,0,0,0,0,0,0,0,0,0,0,0,1,0,0,1,0,214
16.51,2.0,64,4,5000,75.6,164.4,9.3,198.0,720,1600,13,0.0,48,8.0,2.0,2.0,0,0,0,1,0,0,0,1,0,0,0,0,0,0,0,0,0,0,0,0,0,0,0,0,0,0,0,0,0,0,0,0,0,0,0,1,0,0,1,0,196
16.51,2.0,128,4,5000,75.6,164.4,9.3,198.0,720,1600,13,0.0,48,8.0,2.0,2.0,0,0,0,1,0,0,0,0,0,0,0,0,0,0,0,0,0,1,0,0,0,0,0,0,0,0,0,0,0,0,0,0,0,0,0,1,0,0,1,0,214
16.51,2.0,64,4,5000,75.6,164.4,9.3,198.0,720,1600,13,0.0,48,8.0,2.0,2.0,0,0,0,1,0,0,0,0,0,0,0,0,0,0,0,0,0,0,0,1,0,0,0,0,0,0,0,0,0,0,0,0,0,0,0,1,0,0,1,0,196
16.51,2.0,128,4,5000,75.6,164.4,9.3,198.0,720,1600,13,0.0,48,8.0,2.0,2.0,0,0,0,1,0,0,0,1,0,0,0,0,0,0,0,0,0,0,0,0,0,0,0,0,0,0,0,0,0,0,0,0,0,0,0,1,0,0,1,0,214
16.51,2.0,64,4,5000,75.6,164.4,9.3,198.0,720,1600,13,0.0,48,8.0,2.0,2.0,0,0,0,1,0,0,0,0,0,0,0,0,0,0,0,0,0,1,0,0,0,0,0,0,0,0,0,0,0,0,0,0,0,0,0,1,0,0,1,0,196
16.51,2.96,64,6,4000,75.7,161.0,8.7,199.0,2400,1080,16,0.0,64,13.0,8.0,2.0,0,0,0,1,0,0,0,1,0,0,0,0,0,0,0,0,0,0,0,0,0,0,0,0,0,0,0,0,0,0,0,0,0,0,0,1,0,0,1,0,534
16.51,2.96,64,6,4000,75.7,161.0,8.7,199.0,2400,1080,16,0.0,64,13.0,8.0,2.0,0,0,0,1,0,0,0,0,0,0,0,0,0,0,0,0,0,0,0,0,0,0,0,0,1,0,0,0,0,0,0,0,0,0,0,1,0,0,1,0,534
16.51,2.96,256,12,4000,75.7,161.0,8.7,199.0,2400,1080,16,0.0,64,13.0,8.0,2.0,0,0,0,1,0,0,0,0,0,0,0,0,0,0,0,0,0,0,0,1,0,0,0,0,0,0,0,0,0,0,0,0,0,0,0,1,0,0,1,0,659
16.51,2.96,256,12,4000,75.7,161.0,8.7,199.0,2400,1080,16,0.0,64,13.0,8.0,2.0,0,0,0,1,0,0,0,0,0,0,1,0,0,0,0,0,0,0,0,0,0,0,0,0,0,0,0,0,0,0,0,0,0,0,0,1,0,0,1,0,659
16.51,2.05,128,8,4300,74.8,162.1,9.6,191.0,2400,1080,16,0.0,64,8.0,2.0,2.0,0,0,0,1,0,0,0,0,0,0,0,0,0,0,0,0,0,0,0,0,0,0,0,0,1,0,0,0,0,0,0,0,0,0,0,0,0,0,1,0,320
15.49,2.0,32,3,4000,73.7,154.3,8.5,166.0,1560,720,5,0.0,13,2.0,0.0,0.0,0,0,0,1,0,0,0,0,0,0,0,0,0,0,0,0,0,0,0,0,0,1,0,0,0,0,0,0,0,0,0,0,0,0,0,1,0,0,1,0,133
16.0,2.3,64,4,4035,74.2,157.0,8.9,184.0,2340,1080,16,0.0,48,8.0,2.0,2.0,0,0,0,1,0,0,0,0,0,0,0,0,0,1,0,0,0,0,0,0,0,0,0,0,0,0,0,0,0,0,0,0,0,0,0,1,0,0,1,0,249
16.51,2.0,128,4,5000,75.6,164.4,9.3,198.0,720,1600,13,0.0,48,8.0,2.0,2.0,0,0,0,1,0,0,0,0,0,0,0,0,0,0,0,0,0,0,0,1,0,0,0,0,0,0,0,0,0,0,0,0,0,0,0,1,0,0,1,0,214
16.51,2.0,64,4,5000,75.6,164.4,9.3,198.0,720,1600,13,0.0,48,8.0,2.0,2.0,0,0,0,1,0,0,0,1,0,0,0,0,0,0,0,0,0,0,0,0,0,0,0,0,0,0,0,0,0,0,0,0,0,0,0,1,0,0,1,0,196
16.51,2.0,128,4,5000,75.6,164.4,9.3,198.0,720,1600,13,0.0,48,8.0,2.0,2.0,0,0,0,1,0,0,0,0,0,0,0,0,0,0,0,0,0,1,0,0,0,0,0,0,0,0,0,0,0,0,0,0,0,0,0,1,0,0,1,0,214
16.51,2.0,64,4,5000,75.6,164.4,9.3,198.0,720,1600,13,0.0,48,8.0,2.0,2.0,0,0,0,1,0,0,0,0,0,0,0,0,0,0,0,0,0,0,0,1,0,0,0,0,0,0,0,0,0,0,0,0,0,0,0,1,0,0,1,0,196
16.51,2.0,128,4,5000,75.6,164.4,9.3,198.0,720,1600,13,0.0,48,8.0,2.0,2.0,0,0,0,1,0,0,0,1,0,0,0,0,0,0,0,0,0,0,0,0,0,0,0,0,0,0,0,0,0,0,0,0,0,0,0,1,0,0,1,0,214
16.51,2.0,64,4,5000,75.6,164.4,9.3,198.0,720,1600,13,0.0,48,8.0,2.0,2.0,0,0,0,1,0,0,0,0,0,0,0,0,0,0,0,0,0,1,0,0,0,0,0,0,0,0,0,0,0,0,0,0,0,0,0,1,0,0,1,0,196
16.51,2.96,64,6,4000,75.7,161.0,8.7,199.0,2400,1080,16,0.0,64,13.0,8.0,2.0,0,0,0,1,0,0,0,1,0,0,0,0,0,0,0,0,0,0,0,0,0,0,0,0,0,0,0,0,0,0,0,0,0,0,0,1,0,0,1,0,534
16.51,2.96,64,6,4000,75.7,161.0,8.7,199.0,2400,1080,16,0.0,64,13.0,8.0,2.0,0,0,0,1,0,0,0,0,0,0,0,0,0,0,0,0,0,0,0,0,0,0,0,0,1,0,0,0,0,0,0,0,0,0,0,1,0,0,1,0,534
16.51,2.96,256,12,4000,75.7,161.0,8.7,199.0,2400,1080,16,0.0,64,13.0,8.0,2.0,0,0,0,1,0,0,0,0,0,0,0,0,0,0,0,0,0,0,0,1,0,0,0,0,0,0,0,0,0,0,0,0,0,0,0,1,0,0,1,0,659
16.51,2.96,256,12,4000,75.7,161.0,8.7,199.0,2400,1080,16,0.0,64,13.0,8.0,2.0,0,0,0,1,0,0,0,0,0,0,1,0,0,0,0,0,0,0,0,0,0,0,0,0,0,0,0,0,0,0,0,0,0,0,0,1,0,0,1,0,659
16.26,2.2,128,6,4000,75.2,158.7,8.6,182.0,1080,2340,32,0.0,64,8.0,2.0,2.0,0,0,0,1,0,0,0,0,0,0,0,0,0,0,0,0,0,0,0,0,0,0,0,0,1,0,0,0,0,0,0,0,0,0,0,1,0,0,1,0,356
16.26,2.2,128,6,4000,75.2,158.7,8.6,182.0,1080,2340,32,0.0,64,8.0,2.0,2.0,0,0,0,1,0,0,0,0,0,0,0,0,0,1,0,0,0,0,0,0,0,0,0,0,0,0,0,0,0,0,0,0,0,0,0,1,0,0,1,0,356
16.26,2.2,64,4,4000,75.2,158.7,8.6,182.0,1080,2340,32,0.0,64,8.0,2.0,2.0,0,0,0,1,0,0,0,1,0,0,0,0,0,0,0,0,0,0,0,0,0,0,0,0,0,0,0,0,0,0,0,0,0,0,0,1,0,0,1,0,320
16.26,2.2,64,4,4000,75.2,158.7,8.6,182.0,1080,2340,32,0.0,64,8.0,2.0,2.0,0,0,0,1,0,0,0,0,0,0,0,0,0,1,0,0,0,0,0,0,0,0,0,0,0,0,0,0,0,0,0,0,0,0,0,1,0,0,1,0,320
16.26,2.2,128,8,4000,75.2,158.7,8.6,182.0,1080,2340,32,0.0,64,8.0,2.0,2.0,0,0,0,1,0,0,0,0,0,0,0,0,0,1,0,0,0,0,0,0,0,0,0,0,0,0,0,0,0,0,0,0,0,0,0,1,0,0,1,0,374
16.26,2.2,128,6,4000,75.2,158.7,8.6,182.0,1080,2340,32,0.0,64,8.0,2.0,2.0,0,0,0,1,0,0,0,1,0,0,0,0,0,0,0,0,0,0,0,0,0,0,0,0,0,0,0,0,0,0,0,0,0,0,0,1,0,0,1,0,356
16.26,2.2,128,8,4000,75.2,158.7,8.6,182.0,1080,2340,32,0.0,64,8.0,2.0,2.0,0,0,0,1,0,0,0,1,0,0,0,0,0,0,0,0,0,0,0,0,0,0,0,0,0,0,0,0,0,0,0,0,0,0,0,1,0,0,1,0,374
16.26,2.2,128,8,4000,75.2,158.7,8.6,182.0,1080,2340,32,0.0,64,8.0,2.0,2.0,0,0,0,1,0,0,0,0,0,0,0,0,0,0,0,0,0,0,0,0,0,0,0,0,1,0,0,0,0,0,0,0,0,0,0,1,0,0,1,0,374
15.49,2.0,16,2,4000,73.7,154.3,8.5,166.0,1560,720,5,0.0,13,2.0,0.0,0.0,0,0,0,1,0,0,0,1,0,0,0,0,0,0,0,0,0,0,0,0,0,0,0,0,0,0,0,0,0,0,0,0,0,0,0,1,0,0,1,0,116
16.51,2.0,128,4,5000,75.4,164.4,9.0,199.0,1600,720,16,0.0,48,8.0,2.0,2.0,0,0,0,1,0,0,0,1,0,0,0,0,0,0,0,0,0,0,0,0,0,0,0,0,0,0,0,0,0,0,0,0,0,0,0,0,0,0,1,0,214
16.69,2.96,128,8,4200,75.8,163.8,9.3,202.0,2400,1080,16,8.0,64,12.0,8.0,2.0,0,0,0,1,0,0,0,1,0,0,0,0,0,0,0,0,0,0,0,0,0,0,0,0,0,0,0,0,0,0,0,0,0,0,0,0,0,0,1,0,463
16.69,2.96,128,6,4200,75.8,163.8,9.3,202.0,2400,1080,16,8.0,64,12.0,8.0,2.0,0,0,0,1,0,0,0,1,0,0,0,0,0,0,0,0,0,0,0,0,0,0,0,0,0,0,0,0,0,0,0,0,0,0,0,0,0,0,1,0,445
16.69,2.96,128,8,4200,75.8,163.8,9.3,202.0,2400,1080,16,8.0,64,12.0,8.0,2.0,0,0,0,1,0,0,0,0,0,0,0,0,0,0,0,0,0,0,0,0,0,0,0,0,1,0,0,0,0,0,0,0,0,0,0,0,0,0,1,0,463
16.69,2.96,128,8,4200,75.8,163.8,9.3,202.0,2400,1080,32,8.0,64,8.0,8.0,2.0,0,0,0,1,0,0,0,1,0,0,0,0,0,0,0,0,0,0,0,0,0,0,0,0,0,0,0,0,0,0,0,0,0,0,0,0,0,0,1,0,498
16.69,2.96,256,12,4200,75.8,163.8,9.3,202.0,2400,1080,32,8.0,64,8.0,8.0,2.0,0,0,0,1,0,0,0,1,0,0,0,0,0,0,0,0,0,0,0,0,0,0,0,0,0,0,0,0,0,0,0,0,0,0,0,0,0,0,1,0,587
16.69,2.96,256,12,4200,75.8,163.8,9.3,202.0,2400,1080,32,8.0,64,8.0,8.0,2.0,0,0,0,1,0,0,0,0,0,0,0,0,0,0,0,0,0,0,0,0,0,0,0,0,1,0,0,0,0,0,0,0,0,0,0,0,0,0,1,0,587
16.69,2.96,128,8,4200,75.8,163.8,9.3,202.0,2400,1080,32,8.0,64,8.0,8.0,2.0,0,0,0,1,0,0,0,0,0,0,0,0,0,0,0,0,0,0,0,0,0,0,0,0,1,0,0,0,0,0,0,0,0,0,0,0,0,0,1,0,498
15.8,2.1,32,3,4230,75.6,156.1,8.3,175.0,1520,720,13,0.0,13,2.0,0.0,0.0,0,0,0,1,0,0,0,0,0,0,0,0,0,0,0,0,0,0,0,0,0,0,0,0,0,0,0,0,0,0,0,0,0,0,0,1,0,0,1,0,151
15.8,2.1,64,4,4230,75.6,156.1,8.3,175.0,1520,720,13,0.0,13,2.0,0.0,0.0,0,0,0,1,0,0,0,0,0,0,0,0,0,0,0,0,0,0,0,1,0,0,0,0,0,0,0,0,0,0,0,0,0,0,0,1,0,0,1,0,169
15.8,2.1,64,3,4230,75.6,156.1,8.3,175.0,1520,720,13,0.0,13,2.0,0.0,0.0,0,0,0,1,0,0,0,1,0,0,0,0,0,0,0,0,0,0,0,0,0,0,0,0,0,0,0,0,0,0,0,0,0,0,0,1,0,0,1,0,169
15.8,2.1,64,3,4230,75.6,156.1,8.3,175.0,1520,720,13,0.0,13,2.0,0.0,0.0,0,0,0,1,0,0,0,0,0,0,0,0,0,0,0,0,0,0,0,0,0,0,0,0,0,0,0,0,0,0,0,0,0,0,0,1,0,0,1,0,169
15.8,2.1,32,3,4230,75.6,156.1,8.3,175.0,1520,720,13,0.0,13,2.0,0.0,0.0,0,0,0,1,0,0,0,0,0,0,0,0,0,0,0,0,0,0,0,1,0,0,0,0,0,0,0,0,0,0,0,0,0,0,0,1,0,0,1,0,151
15.8,2.1,64,4,4230,75.6,156.1,8.3,175.0,1520,720,13,0.0,13,2.0,0.0,0.0,0,0,0,1,0,0,0,1,0,0,0,0,0,0,0,0,0,0,0,0,0,0,0,0,0,0,0,0,0,0,0,0,0,0,0,1,0,0,1,0,187
15.8,2.1,64,4,4230,75.6,156.1,8.3,175.0,1520,720,13,0.0,13,2.0,0.0,0.0,0,0,0,1,0,0,0,0,0,0,0,0,0,0,0,0,0,0,0,0,0,0,0,0,0,0,0,0,0,0,0,0,0,0,0,1,0,0,1,0,187
15.8,1.95,64,4,5000,75.41,156.48,9.4,188.0,1520,720,8,0.0,12,2.0,0.0,0.0,0,0,0,0,1,0,0,1,0,0,0,0,0,0,0,0,0,0,0,0,0,0,0,0,0,0,0,0,0,0,0,0,0,0,0,1,0,0,1,0,174
15.8,1.95,64,4,5000,75.41,156.48,9.4,188.0,1520,720,8,0.0,12,2.0,0.0,0.0,0,0,0,0,1,0,0,0,0,0,0,0,0,0,0,0,0,0,0,0,0,0,0,0,0,0,0,0,0,0,0,0,0,0,0,1,0,0,1,0,174
16.23,2.84,128,6,4000,74.3,156.7,8.8,191.0,2340,1080,20,0.0,48,13.0,8.0,0.0,0,0,0,0,1,0,0,0,0,0,0,0,0,0,0,0,0,0,0,1,0,0,0,0,0,0,0,0,0,0,0,0,0,0,0,1,0,0,1,0,445
16.94,2.3,64,4,5020,76.68,165.75,8.8,209.0,2400,1080,16,0.0,48,8.0,5.0,2.0,0,0,0,0,1,0,0,1,0,0,0,0,0,0,0,0,0,0,0,0,0,0,0,0,0,0,0,0,0,0,0,0,0,0,0,0,0,0,1,0,303
16.23,2.84,128,6,4000,74.3,156.7,8.8,191.0,2340,1080,20,0.0,48,13.0,8.0,0.0,0,0,0,0,1,0,0,0,0,0,0,0,0,0,0,0,0,0,0,0,0,0,0,0,0,0,0,0,0,0,0,0,0,0,0,1,0,0,1,0,445
15.44,2.0,128,6,4030,71.85,153.48,8.475,173.8,1560,720,32,0.0,48,8.0,2.0,0.0,1,0,0,0,0,0,0,0,0,0,0,0,0,0,0,0,0,0,0,0,0,0,0,0,1,0,0,0,0,0,0,0,0,0,0,1,0,0,1,0,302
16.23,2.84,128,6,4000,74.3,156.7,8.8,191.0,2340,1080,20,0.0,48,13.0,8.0,0.0,0,0,0,0,1,0,0,1,0,0,0,0,0,0,0,0,0,0,0,0,0,0,0,0,0,0,0,0,0,0,0,0,0,0,0,1,0,0,1,0,445
16.0,2.0,128,6,4000,75.21,159.21,8.1,186.0,2340,1080,13,0.0,48,5.0,0.0,0.0,0,0,0,0,1,0,0,0,0,0,0,0,0,0,0,0,0,0,0,0,0,0,0,0,0,0,0,0,0,0,0,0,0,0,0,1,0,0,1,0,303
15.44,2.0,128,6,4030,71.85,153.48,8.475,173.8,1560,720,32,0.0,48,8.0,2.0,0.0,1,0,0,0,0,0,0,1,0,0,0,0,0,0,0,0,0,0,0,0,0,0,0,0,0,0,0,0,0,0,0,0,0,0,0,1,0,0,1,0,267
15.21,2.5,128,6,3400,75.49,151.86,7.7,185.0,2160,1080,5,0.0,12,0.0,0.0,0.0,1,0,0,0,0,0,0,0,0,0,0,0,0,0,0,0,0,0,0,0,0,0,0,0,0,0,0,0,0,0,0,1,0,0,0,0,0,0,1,0,303
16.23,2.84,128,6,4000,74.3,156.7,8.8,191.0,2340,1080,20,0.0,48,13.0,8.0,0.0,0,0,0,0,1,0,0,0,0,0,0,0,0,0,0,0,0,0,0,0,0,0,0,0,1,0,0,0,0,0,0,0,0,0,0,1,0,0,1,0,445
15.44,2.0,128,6,4030,71.85,153.48,8.475,173.8,1560,720,32,0.0,48,8.0,2.0,0.0,1,0,0,0,0,0,0,0,0,0,0,0,0,0,1,0,0,0,0,0,0,0,0,0,0,0,0,0,0,0,0,0,0,0,0,1,0,0,1,0,309
16.23,2.84,256,8,4000,74.3,156.7,8.8,191.0,2340,1080,20,0.0,48,13.0,8.0,0.0,0,0,0,0,1,0,0,0,0,0,0,0,0,0,0,0,0,0,0,0,0,0,0,0,0,0,0,0,0,0,0,0,0,0,0,1,0,0,1,0,534
16.0,2.0,128,6,4000,75.21,159.21,8.1,186.0,2340,1080,13,0.0,48,5.0,0.0,0.0,0,0,0,0,1,0,0,0,0,0,0,0,0,0,0,0,0,0,0,1,0,0,0,0,0,0,0,0,0,0,0,0,0,0,0,1,0,0,1,0,249
16.23,2.2,64,6,4000,74.3,156.7,8.8,191.0,2340,1080,20,0.0,48,13.0,8.0,0.0,0,0,0,0,1,0,0,0,0,0,0,0,0,0,0,0,0,0,0,0,0,0,0,0,0,0,0,0,0,0,0,0,0,0,0,1,0,0,1,0,392
15.21,2.0,64,4,3080,77.26,160.73,8.1,168.0,1440,720,16,0.0,12,5.0,0.0,0.0,0,0,0,0,1,0,0,0,0,0,0,0,1,0,0,0,0,0,0,0,0,0,0,0,0,0,0,0,0,0,0,0,0,1,0,0,0,1,0,0,240
16.23,2.84,256,8,4000,74.3,156.7,8.8,191.0,2340,1080,20,0.0,48,13.0,8.0,0.0,0,0,0,0,1,0,0,0,0,0,0,0,0,0,0,0,0,0,0,0,0,0,0,0,1,0,0,0,0,0,0,0,0,0,0,1,0,0,1,0,534
16.23,2.2,128,6,4000,74.3,156.7,8.8,191.0,2340,1080,20,0.0,48,13.0,8.0,0.0,0,0,0,0,1,0,0,1,0,0,0,0,0,0,0,0,0,0,0,0,0,0,0,0,0,0,0,0,0,0,0,0,0,0,0,1,0,0,1,0,445
15.9,1.8,64,4,4000,76.4,157.9,8.26,181.0,2280,1080,20,2.0,12,5.0,0.0,0.0,0,0,0,0,1,0,0,0,0,0,0,0,1,0,0,0,0,0,0,0,0,0,0,0,0,0,0,0,0,0,0,0,0,0,1,0,0,0,1,0,285
15.21,2.2,64,4,3010,75.4,158.7,7.3,168.0,2160,1080,20,0.0,20,12.0,0.0,0.0,1,0,0,0,0,0,0,0,0,0,0,0,0,0,0,0,0,0,0,1,0,0,0,0,0,0,0,0,0,0,0,0,0,0,1,0,0,0,1,0,249
16.94,2.84,256,8,4780,74.8,162.58,8.96,209.0,2340,1080,20,0.0,108,0.0,0.0,0.0,1,0,0,0,0,0,0,0,0,0,0,0,0,0,1,0,0,0,0,0,0,0,0,0,0,0,0,0,0,0,0,0,0,0,0,0,0,0,0,1,993
16.94,2.84,128,8,4780,74.8,162.58,8.96,209.0,2340,1080,20,0.0,108,0.0,0.0,0.0,1,0,0,0,0,0,0,0,0,0,0,0,0,1,0,0,0,0,0,0,0,0,0,0,0,0,0,0,0,0,0,0,0,0,0,0,0,0,0,1,922
16.23,2.2,128,6,4000,74.3,156.7,8.8,191.0,2340,1080,20,0.0,48,13.0,8.0,0.0,0,0,0,0,1,0,0,0,0,0,0,0,0,0,0,0,0,0,0,1,0,0,0,0,0,0,0,0,0,0,0,0,0,0,0,1,0,0,1,0,445
15.21,2.2,128,6,3010,75.4,158.7,7.3,168.0,2160,1080,20,0.0,20,12.0,0.0,0.0,1,0,0,0,0,0,0,0,0,0,0,0,0,0,0,0,0,0,0,1,0,0,0,0,0,0,0,0,0,0,0,0,0,0,1,0,0,0,1,0,301
15.21,2.2,128,6,3010,75.4,158.7,7.3,168.0,2160,1080,20,0.0,20,12.0,0.0,0.0,1,0,0,0,0,0,0,0,0,0,0,0,1,0,0,0,0,0,0,0,0,0,0,0,0,0,0,0,0,0,0,0,0,0,1,0,0,0,1,0,301
16.23,2.2,128,6,4000,74.3,156.7,8.8,191.0,2340,1080,20,0.0,48,13.0,8.0,0.0,0,0,0,0,1,0,0,0,0,0,0,0,0,0,0,0,0,0,0,0,0,0,0,0,0,0,0,0,0,0,0,0,0,0,0,1,0,0,1,0,445
15.21,2.2,128,6,3010,75.4,158.7,7.3,168.0,2160,1080,20,0.0,20,12.0,0.0,0.0,1,0,0,0,0,0,0,1,0,0,0,0,0,0,0,0,0,0,0,0,0,0,0,0,0,0,0,0,0,0,0,0,0,0,1,0,0,0,1,0,301
15.21,1.8,64,6,4000,75.35,158.58,8.05,181.0,2160,1080,20,0.0,12,5.0,0.0,0.0,0,0,0,0,1,0,0,0,0,0,0,0,0,0,0,0,0,0,0,1,0,0,0,0,0,0,0,0,0,0,0,0,1,0,0,0,0,0,1,0,303
16.23,2.2,128,6,4000,74.3,156.7,8.8,191.0,2340,1080,20,0.0,48,13.0,8.0,0.0,0,0,0,0,1,0,0,0,0,0,0,0,0,0,0,0,0,0,0,0,0,0,0,0,1,0,0,0,0,0,0,0,0,0,0,1,0,0,1,0,445
15.8,1.95,64,4,5000,75.41,156.48,9.4,188.0,1520,720,8,0.0,12,2.0,0.0,0.0,0,0,0,0,1,0,0,0,0,0,0,0,0,1,0,0,0,0,0,0,0,0,0,0,0,0,0,0,0,0,0,0,0,0,0,1,0,0,1,0,174
15.8,1.95,64,4,5000,75.41,156.48,9.4,188.0,1520,720,8,0.0,12,2.0,0.0,0.0,0,0,0,0,1,0,0,0,0,0,0,0,0,0,0,0,0,0,0,1,0,0,0,0,0,0,0,0,0,0,0,0,0,0,0,1,0,0,1,0,174
15.8,1.95,64,4,5000,75.41,156.48,9.4,188.0,1520,720,8,0.0,12,2.0,0.0,0.0,0,0,0,0,1,0,0,0,0,0,0,0,0,0,0,0,0,0,0,0,0,0,0,0,0,0,0,0,0,0,0,0,0,0,0,1,0,0,1,0,174
15.46,2.0,64,4,4030,71.85,153.48,8.475,173.8,1560,720,32,0.0,48,8.0,2.0,0.0,1,0,0,0,0,0,0,0,0,0,0,0,0,0,1,0,0,0,0,0,0,0,0,0,0,0,0,0,0,0,0,0,0,0,0,1,0,0,1,0,231
16.94,2.3,128,6,5020,76.68,165.75,8.8,209.0,2400,1080,16,0.0,48,8.0,5.0,2.0,0,0,0,0,1,0,0,0,0,0,0,0,0,0,0,0,0,0,0,0,0,0,0,0,0,0,0,0,0,0,0,0,0,0,0,0,0,0,1,0,267
16.94,2.3,128,6,5020,76.68,165.75,8.8,209.0,2400,1080,16,0.0,48,8.0,5.0,2.0,0,0,0,0,1,0,0,1,0,0,0,0,0,0,0,0,0,0,0,0,0,0,0,0,0,0,0,0,0,0,0,0,0,0,0,0,0,0,1,0,267
16.94,2.3,64,4,5020,76.68,165.75,8.8,209.0,2400,1080,16,0.0,48,8.0,5.0,2.0,0,0,0,0,1,0,0,1,0,0,0,0,0,0,0,0,0,0,0,0,0,0,0,0,0,0,0,0,0,0,0,0,0,0,0,0,0,0,1,0,303
15.46,2.0,64,4,4030,71.85,153.48,8.475,173.8,1560,720,32,0.0,48,8.0,2.0,0.0,1,0,0,0,0,0,0,1,0,0,0,0,0,0,0,0,0,0,0,0,0,0,0,0,0,0,0,0,0,0,0,0,0,0,0,1,0,0,1,0,231
15.46,2.0,64,4,4030,71.85,153.48,8.475,173.8,1560,720,32,0.0,48,8.0,2.0,0.0,1,0,0,0,0,0,0,0,0,0,0,0,0,0,0,0,0,0,0,0,0,0,0,0,1,0,0,0,0,0,0,0,0,0,0,1,0,0,1,0,231
16.0,2.0,64,6,4000,75.21,159.21,8.1,186.0,2340,1080,13,0.0,48,5.0,0.0,0.0,0,0,0,0,1,0,0,0,0,0,0,0,0,0,0,0,0,0,0,0,0,0,0,0,0,0,0,0,0,0,0,0,0,0,0,1,0,0,1,0,231
16.23,2.84,256,8,4000,74.3,156.7,8.8,191.0,2340,1080,20,0.0,48,13.0,8.0,0.0,0,0,0,0,1,0,0,0,0,0,0,0,0,0,0,0,0,0,0,1,0,0,0,0,0,0,0,0,0,0,0,0,0,0,0,1,0,0,1,0,534
16.94,2.3,64,4,5020,76.68,165.75,8.8,209.0,2400,1080,16,0.0,48,8.0,5.0,2.0,0,0,0,0,1,0,0,0,0,0,0,0,0,0,0,0,0,0,0,0,0,0,0,0,1,0,0,0,0,0,0,0,0,0,0,0,0,0,1,0,231
16.94,2.3,64,4,5020,76.68,165.75,8.8,209.0,2400,1080,16,0.0,48,8.0,5.0,2.0,0,0,0,0,1,0,0,0,0,0,0,0,0,0,0,0,0,0,0,0,0,0,0,0,0,0,0,0,0,0,0,0,0,0,0,0,0,0,1,0,231
15.9,1.8,64,6,4000,76.4,157.9,8.26,181.0,2280,1080,20,2.0,12,5.0,0.0,0.0,0,0,0,0,1,0,0,0,0,0,0,0,0,0,0,0,0,0,0,0,0,0,0,0,0,0,0,0,0,0,0,0,0,0,1,0,0,0,1,0,214
15.9,1.8,64,6,4000,76.4,157.9,8.26,181.0,2280,1080,20,2.0,12,5.0,0.0,0.0,0,0,0,0,1,0,0,0,0,0,0,0,0,0,0,0,0,0,0,1,0,0,0,0,0,0,0,0,0,0,0,0,0,0,1,0,0,0,1,0,214
13.97,2.0,64,4,4100,76.0,151.0,8.4,165.0,1920,1080,5,0.0,13,0.0,0.0,0.0,0,0,0,0,1,0,0,0,0,0,0,0,0,0,0,0,0,0,0,0,0,0,0,0,0,0,0,0,1,0,0,0,0,0,0,0,0,0,1,0,231
15.9,1.8,64,6,4000,76.4,157.9,8.26,181.0,2280,1080,20,2.0,12,5.0,0.0,0.0,0,0,0,0,1,0,0,0,0,0,0,0,1,0,0,0,0,0,0,0,0,0,0,0,0,0,0,0,0,0,0,0,0,0,1,0,0,0,1,0,214
16.23,2.2,64,6,4000,74.3,156.7,8.8,191.0,2340,1080,20,0.0,48,13.0,8.0,0.0,0,0,0,0,1,0,0,1,0,0,0,0,0,0,0,0,0,0,0,0,0,0,0,0,0,0,0,0,0,0,0,0,0,0,0,1,0,0,1,0,392
15.21,1.8,64,4,4000,75.35,158.58,8.05,181.0,2160,1080,20,0.0,12,5.0,0.0,0.0,0,0,0,0,1,0,0,0,0,0,0,0,1,0,0,0,0,0,0,0,0,0,0,0,0,0,0,0,0,0,0,0,1,0,0,0,0,0,1,0,231
16.0,2.0,128,6,4000,75.21,159.21,8.1,186.0,2340,1080,13,0.0,48,5.0,0.0,0.0,0,0,0,0,1,0,0,0,0,0,0,0,0,0,0,0,0,0,0,0,0,0,0,0,1,0,0,0,0,0,0,0,0,0,0,1,0,0,0,0,249
16.94,2.3,128,6,5020,76.68,165.5,8.8,209.0,2400,1080,32,0.0,64,8.0,5.0,2.0,0,0,0,0,1,0,0,0,0,0,0,0,0,0,0,0,0,0,0,0,0,0,0,0,0,0,0,0,0,0,0,0,0,0,0,0,0,0,1,0,303
16.94,2.3,128,6,5020,76.68,165.5,8.8,209.0,2400,1080,32,0.0,64,8.0,5.0,2.0,0,0,0,0,1,0,0,0,0,0,0,0,0,0,0,0,0,0,0,0,0,0,0,0,1,0,0,0,0,0,0,0,0,0,0,0,0,0,1,0,303
15.8,1.95,32,2,5000,75.41,156.48,9.4,188.0,1520,720,8,0.0,12,0.0,0.0,0.0,0,0,0,0,1,0,0,0,0,0,0,0,0,0,0,0,0,0,0,1,0,0,0,0,0,0,0,0,0,0,0,0,0,0,0,1,0,0,1,0,125
16.0,2.0,64,4,4000,75.21,159.21,8.1,186.0,2340,1080,13,0.0,48,5.0,0.0,0.0,0,0,0,0,1,0,0,0,0,0,0,0,0,0,0,0,0,0,0,0,0,0,0,0,0,0,0,0,0,0,0,0,0,0,0,1,0,0,1,0,196
16.94,2.84,256,8,4780,74.8,162.58,8.96,209.0,2340,1080,20,0.0,108,0.0,0.0,0.0,1,0,0,0,0,0,0,0,0,0,0,0,0,1,0,0,0,0,0,0,0,0,0,0,0,0,0,0,0,0,0,0,0,0,0,0,0,0,0,1,986
15.21,1.8,64,6,4000,75.35,158.58,8.05,181.0,2160,1080,20,0.0,12,5.0,0.0,0.0,0,0,0,0,1,0,0,0,0,0,0,0,0,0,0,0,0,0,0,0,0,0,0,0,0,0,0,0,0,0,0,0,1,0,0,0,0,0,1,0,249
15.21,1.8,64,6,4000,75.35,158.58,8.05,181.0,2160,1080,20,0.0,12,5.0,0.0,0.0,0,0,0,0,1,0,0,0,0,0,0,0,1,0,0,0,0,0,0,0,0,0,0,0,0,0,0,0,0,0,0,0,1,0,0,0,0,0,1,0,303
15.21,1.8,64,4,4000,75.35,158.58,8.05,181.0,2160,1080,20,0.0,12,5.0,0.0,0.0,0,0,0,0,1,0,0,0,0,0,0,0,0,0,0,0,0,0,0,1,0,0,0,0,0,0,0,0,0,0,0,0,1,0,0,0,0,0,1,0,231
15.21,2.2,64,4,3010,75.4,158.7,7.3,168.0,2160,1080,20,0.0,20,12.0,0.0,0.0,1,0,0,0,0,0,0,0,0,0,0,0,0,0,0,0,0,0,0,1,0,0,0,0,0,0,0,0,0,0,0,0,0,0,1,0,0,0,1,0,249
15.21,1.8,64,6,4000,75.35,158.58,8.05,181.0,2160,1080,20,0.0,12,5.0,0.0,0.0,0,0,0,0,1,0,0,0,0,0,0,0,1,0,0,0,0,0,0,0,0,0,0,0,0,0,0,0,0,0,0,0,1,0,0,0,0,0,1,0,320
15.21,2.2,64,4,3010,75.4,158.7,7.3,168.0,2160,1080,20,0.0,20,12.0,0.0,0.0,1,0,0,0,0,0,0,1,0,0,0,0,0,0,0,0,0,0,0,0,0,0,0,0,0,0,0,0,0,0,0,0,0,0,1,0,0,0,1,0,249
12.7,1.4,16,1,3000,70.1,140.4,8.35,137.0,1280,720,5,0.0,8,0.0,0.0,0.0,0,0,0,0,1,0,0,1,0,0,0,0,0,0,0,0,0,0,0,0,0,0,0,0,0,0,0,0,0,0,0,0,0,0,1,0,1,0,1,0,119
15.21,1.8,64,4,4000,75.35,158.58,8.05,181.0,2160,1080,20,0.0,12,5.0,0.0,0.0,0,0,0,0,1,0,0,0,0,0,0,0,0,0,0,0,0,0,0,0,0,0,0,0,0,0,0,0,0,0,0,0,1,0,0,0,0,0,1,0,231
16.0,2.2,32,3,4000,75.21,159.21,8.1,186.0,2340,1080,13,0.0,48,5.0,0.0,0.0,0,0,0,0,1,0,0,1,0,0,0,0,0,0,0,0,0,0,0,0,0,0,0,0,0,0,0,0,0,0,0,0,0,0,0,1,0,0,1,0,178
15.21,2.0,64,4,3080,77.26,160.73,8.1,168.0,1440,720,16,0.0,12,5.0,0.0,0.0,0,0,0,0,1,0,0,0,0,0,0,0,1,0,0,0,0,0,0,0,0,0,0,0,0,0,0,0,0,0,0,0,0,1,0,0,0,1,0,0,151
13.84,2.0,32,2,4000,70.4,146.3,9.55,165.0,1440,720,5,0.0,12,0.0,0.0,0.0,0,0,0,0,1,0,0,0,0,0,0,0,0,0,0,0,0,0,0,0,0,0,0,0,0,0,0,0,0,0,0,0,0,0,0,1,0,0,1,0,119
16.0,2.2,64,4,4000,75.21,159.21,8.1,186.0,2340,1080,13,0.0,48,5.0,0.0,0.0,0,0,0,0,1,0,0,0,0,0,0,0,0,0,0,0,0,0,0,0,0,0,0,0,0,0,0,0,0,0,0,0,0,0,0,1,0,0,1,0,214
15.21,2.0,32,3,3080,77.26,160.73,8.1,168.0,1440,720,16,0.0,12,5.0,0.0,0.0,0,0,0,0,1,0,0,1,0,0,0,0,0,0,0,0,0,0,0,0,0,0,0,0,0,0,0,0,0,0,0,0,0,1,0,0,0,1,0,0,142
15.21,2.0,64,4,3080,77.26,160.73,8.1,168.0,1440,720,16,0.0,12,5.0,0.0,0.0,0,0,0,0,1,0,0,0,0,0,0,0,0,0,0,0,0,0,0,0,0,0,0,0,0,0,0,0,0,0,0,0,0,1,0,0,0,1,0,0,151
16.0,2.2,32,3,4000,75.21,159.21,8.1,186.0,2340,1080,13,0.0,12,2.0,0.0,0.0,0,0,0,0,1,0,0,0,0,0,0,0,0,0,0,0,0,0,0,0,0,0,0,0,0,0,0,0,0,0,0,0,0,0,0,1,0,0,1,0,178
13.84,2.0,16,2,4000,70.4,146.3,9.55,165.0,1440,720,5,0.0,12,0.0,0.0,0.0,0,0,0,0,1,0,0,0,0,0,0,0,0,0,0,0,0,0,0,0,0,0,0,0,0,0,0,0,0,0,0,0,0,0,0,1,0,0,1,0,116
13.84,2.0,32,3,3000,71.5,147.5,8.3,146.0,1440,720,5,0.0,12,5.0,0.0,0.0,0,0,0,0,1,0,0,0,0,0,0,0,1,0,0,0,0,0,0,0,0,0,0,0,0,0,0,0,0,0,0,0,0,0,1,0,0,0,1,0,142
16.0,2.2,32,3,4000,75.21,159.21,8.1,186.0,2340,1080,13,0.0,12,2.0,0.0,0.0,0,0,0,0,1,0,0,0,0,0,0,0,0,0,0,0,0,0,0,1,0,0,0,0,0,0,0,0,0,0,0,0,0,0,0,1,0,0,1,0,178
16.0,2.2,64,4,4000,75.21,159.21,8.1,186.0,2340,1080,13,0.0,48,5.0,0.0,0.0,0,0,0,0,1,0,0,0,0,0,0,0,0,0,0,0,0,0,0,1,0,0,0,0,0,0,0,0,0,0,0,0,0,0,0,1,0,0,1,0,214
13.84,2.0,16,2,4000,70.4,146.3,9.55,165.0,1440,720,5,0.0,12,0.0,0.0,0.0,0,0,0,0,1,0,0,0,0,0,0,0,1,0,0,0,0,0,0,0,0,0,0,0,0,0,0,0,0,0,0,0,0,0,0,1,0,0,1,0,116
15.21,1.8,64,6,4000,75.35,158.58,8.05,181.0,2160,1080,20,0.0,12,5.0,0.0,0.0,0,0,0,0,1,0,0,1,0,0,0,0,0,0,0,0,0,0,0,0,0,0,0,0,0,0,0,0,0,0,0,0,1,0,0,0,0,0,1,0,249
15.21,1.8,64,4,4000,75.35,158.58,8.05,181.0,2160,1080,20,0.0,12,5.0,0.0,0.0,0,0,0,0,1,0,0,1,0,0,0,0,0,0,0,0,0,0,0,0,0,0,0,0,0,0,0,0,0,0,0,0,1,0,0,0,0,0,1,0,231
15.9,1.8,32,3,4000,75.58,158.73,8.47,180.0,1520,720,32,0.0,12,2.0,0.0,0.0,0,0,0,0,1,0,0,1,0,0,0,0,0,0,0,0,0,0,0,0,0,0,0,0,0,0,0,0,0,0,0,0,0,0,0,1,0,1,0,0,149
15.9,1.8,32,3,4000,75.58,158.73,8.47,180.0,1520,720,32,0.0,12,2.0,0.0,0.0,0,0,0,0,1,0,0,0,0,0,0,0,0,0,0,0,0,0,0,0,0,0,0,0,0,0,0,0,0,0,0,0,0,0,0,1,0,1,0,0,144
16.0,2.2,32,3,4000,75.21,159.21,8.1,186.0,2340,1080,13,0.0,12,2.0,0.0,0.0,0,0,0,0,1,0,0,1,0,0,0,0,0,0,0,0,0,0,0,0,0,0,0,0,0,0,0,0,0,0,0,0,0,0,0,1,0,0,1,0,178
16.23,2.2,64,6,4000,74.3,156.7,8.8,191.0,2340,1080,20,0.0,48,13.0,8.0,0.0,0,0,0,0,1,0,0,0,0,0,0,0,0,0,0,0,0,0,0,1,0,0,0,0,0,0,0,0,0,0,0,0,0,0,0,1,0,0,1,0,392
16.0,2.2,32,3,4000,75.21,159.21,8.1,186.0,2340,1080,13,0.0,48,5.0,0.0,0.0,0,0,0,0,1,0,0,0,0,0,0,0,0,0,0,0,0,0,0,0,0,0,0,0,1,0,0,0,0,0,0,0,0,0,0,1,0,0,0,0,178
16.94,2.84,256,8,4780,74.8,162.58,8.96,209.0,2340,1080,20,0.0,108,0.0,0.0,0.0,1,0,0,0,0,0,0,0,0,0,0,0,0,1,0,0,0,0,0,0,0,0,0,0,0,0,0,0,0,0,0,0,0,0,0,0,0,0,0,1,986
15.21,1.8,64,6,4000,75.35,158.58,8.05,181.0,2160,1080,20,0.0,12,5.0,0.0,0.0,0,0,0,0,1,0,0,0,0,0,0,0,0,0,0,0,0,0,0,0,0,0,0,0,0,0,0,0,0,0,0,0,1,0,0,0,0,0,1,0,249
15.21,1.8,64,6,4000,75.35,158.58,8.05,181.0,2160,1080,20,0.0,12,5.0,0.0,0.0,0,0,0,0,1,0,0,0,0,0,0,0,1,0,0,0,0,0,0,0,0,0,0,0,0,0,0,0,0,0,0,0,1,0,0,0,0,0,1,0,303
15.21,1.8,64,4,4000,75.35,158.58,8.05,181.0,2160,1080,20,0.0,12,5.0,0.0,0.0,0,0,0,0,1,0,0,0,0,0,0,0,0,0,0,0,0,0,0,1,0,0,0,0,0,0,0,0,0,0,0,0,1,0,0,0,0,0,1,0,231
15.21,2.2,64,4,3010,75.4,158.7,7.3,168.0,2160,1080,20,0.0,20,12.0,0.0,0.0,1,0,0,0,0,0,0,0,0,0,0,0,0,0,0,0,0,0,0,1,0,0,0,0,0,0,0,0,0,0,0,0,0,0,1,0,0,0,1,0,249
15.21,1.8,64,6,4000,75.35,158.58,8.05,181.0,2160,1080,20,0.0,12,5.0,0.0,0.0,0,0,0,0,1,0,0,0,0,0,0,0,1,0,0,0,0,0,0,0,0,0,0,0,0,0,0,0,0,0,0,0,1,0,0,0,0,0,1,0,320
15.21,2.2,64,4,3010,75.4,158.7,7.3,168.0,2160,1080,20,0.0,20,12.0,0.0,0.0,1,0,0,0,0,0,0,1,0,0,0,0,0,0,0,0,0,0,0,0,0,0,0,0,0,0,0,0,0,0,0,0,0,0,1,0,0,0,1,0,249
12.7,1.4,16,1,3000,70.1,140.4,8.35,137.0,1280,720,5,0.0,8,0.0,0.0,0.0,0,0,0,0,1,0,0,1,0,0,0,0,0,0,0,0,0,0,0,0,0,0,0,0,0,0,0,0,0,0,0,0,0,0,1,0,1,0,1,0,119
13.97,2.0,64,4,4100,76.0,151.0,8.4,165.0,1920,1080,5,0.0,13,0.0,0.0,0.0,0,0,0,0,1,0,0,0,0,0,0,0,1,0,0,0,0,0,0,0,0,0,0,0,0,0,0,0,1,0,0,0,0,0,0,0,0,0,1,0,249
15.8,1.95,64,3,5000,75.41,156.48,9.4,191.0,1520,720,8,0.0,13,2.0,0.0,0.0,0,0,0,0,1,0,0,0,0,0,0,0,0,0,0,0,0,0,0,0,0,0,0,0,1,0,0,0,0,0,0,0,0,0,0,1,0,0,1,0,178
15.8,1.95,64,3,5000,75.41,156.48,9.4,191.0,1520,720,8,0.0,13,2.0,0.0,0.0,0,0,0,0,1,0,0,1,0,0,0,0,0,0,0,0,0,0,0,0,0,0,0,0,0,0,0,0,0,0,0,0,0,0,0,1,0,0,1,0,178
15.9,1.8,64,4,4000,76.4,157.9,8.26,181.0,2280,1080,20,2.0,12,5.0,0.0,0.0,0,0,0,0,1,0,0,0,0,0,0,0,0,0,0,0,0,0,0,0,0,0,0,0,0,0,0,0,0,0,0,0,0,0,1,0,0,0,1,0,202
16.0,2.0,128,6,4000,75.21,159.21,8.1,186.0,2340,1080,13,0.0,48,5.0,0.0,0.0,0,0,0,0,1,0,0,1,0,0,0,0,0,0,0,0,0,0,0,0,0,0,0,0,0,0,0,0,0,0,0,0,0,0,0,1,0,0,1,0,303
15.8,1.95,64,3,5000,75.41,156.48,9.4,191.0,1520,720,8,0.0,13,2.0,0.0,0.0,0,0,0,0,1,0,0,0,0,0,0,0,0,0,1,0,0,0,0,0,0,0,0,0,0,0,0,0,0,0,0,0,0,0,0,1,0,0,1,0,178
16.94,2.3,128,6,5020,76.68,165.75,8.8,209.0,2400,1080,16,0.0,48,8.0,5.0,2.0,0,0,0,0,1,0,0,0,0,0,0,0,0,0,0,0,0,0,0,0,0,0,0,0,1,0,0,0,0,0,0,0,0,0,0,0,0,0,1,0,356
16.0,2.2,64,4,4000,75.21,159.21,8.1,186.0,2340,1080,13,0.0,12,2.0,0.0,0.0,0,0,0,0,1,0,0,1,0,0,0,0,0,0,0,0,0,0,0,0,0,0,0,0,0,0,0,0,0,0,0,0,0,0,0,1,0,0,1,0,263
15.21,2.2,64,4,3010,75.4,158.7,7.3,168.0,2160,1080,20,0.0,20,12.0,0.0,0.0,1,0,0,0,0,0,0,0,0,0,0,0,1,0,0,0,0,0,0,0,0,0,0,0,0,0,0,0,0,0,0,0,0,0,1,0,0,0,1,0,249
13.84,2.0,32,2,4000,70.4,146.3,9.55,165.0,1440,720,5,0.0,12,0.0,0.0,0.0,0,0,0,0,1,0,0,0,0,0,0,0,1,0,0,0,0,0,0,0,0,0,0,0,0,0,0,0,0,0,0,0,0,0,0,1,0,0,1,0,119
15.21,2.0,32,3,3080,77.26,160.73,8.1,168.0,1440,720,16,0.0,12,5.0,0.0,0.0,0,0,0,0,1,0,0,0,0,0,0,0,1,0,0,0,0,0,0,0,0,0,0,0,0,0,0,0,0,0,0,0,0,1,0,0,0,1,0,0,155
13.97,1.4,64,4,3080,76.2,153.0,7.7,154.0,1280,720,16,0.0,13,0.0,0.0,0.0,0,0,0,0,1,0,0,0,0,0,0,0,0,0,1,0,0,0,0,0,0,0,0,0,0,0,0,0,0,0,0,0,1,0,0,0,0,1,0,0,206
15.21,2.0,32,3,3080,77.26,160.73,8.1,168.0,1440,720,16,0.0,12,5.0,0.0,0.0,0,0,0,0,1,0,0,0,0,0,0,0,0,0,1,0,0,0,0,0,0,0,0,0,0,0,0,0,0,0,0,0,0,1,0,0,0,1,0,0,142
16.13,2.0,64,3,5000,76.77,159.43,8.92,190.5,720,1544,8,0.0,13,2.0,8.0,0.0,0,0,0,0,0,0,1,0,0,0,0,0,0,0,0,0,0,0,0,1,0,0,0,0,0,0,0,0,0,0,0,0,0,0,0,1,0,0,1,0,176
16.13,2.0,32,3,5000,76.77,159.43,8.92,190.5,720,1544,8,0.0,13,8.0,2.0,0.0,0,0,0,0,0,0,1,0,0,0,0,0,0,0,0,0,0,0,0,0,0,0,0,0,0,0,0,0,0,0,0,0,0,0,0,1,0,0,1,0,196
16.13,1.95,32,3,5000,76.77,159.43,8.92,190.5,720,1544,8,0.0,13,2.0,0.0,0.0,0,0,0,0,0,0,1,1,0,0,0,0,0,0,0,0,0,0,0,0,0,0,0,0,0,0,0,0,0,0,0,0,0,0,0,1,0,0,1,0,193
16.21,2.3,64,6,4500,75.23,159.53,8.13,189.6,2340,1080,32,0.0,48,8.0,2.0,0.0,0,0,0,0,0,0,1,1,0,0,0,0,0,0,0,0,0,0,0,0,0,0,0,0,0,0,0,0,0,0,0,0,0,0,0,1,0,1,0,0,302
16.21,2.3,64,6,4500,75.23,159.53,8.13,189.6,2340,1080,32,0.0,48,8.0,2.0,0.0,0,0,0,0,0,0,1,0,0,0,0,0,0,0,0,0,0,1,0,0,0,0,0,0,0,0,0,0,0,0,0,0,0,0,0,1,0,1,0,0,302
16.21,2.3,128,8,4500,75.23,159.53,8.13,189.6,2340,1080,32,0.0,48,8.0,2.0,0.0,0,0,0,0,0,0,1,1,0,0,0,0,0,0,0,0,0,0,0,0,0,0,0,0,0,0,0,0,0,0,0,0,0,0,0,1,0,1,0,0,338
16.21,2.3,128,8,4500,75.23,159.53,8.13,189.6,2340,1080,32,0.0,48,8.0,2.0,0.0,0,0,0,0,0,0,1,0,0,0,0,0,0,0,0,0,0,1,0,0,0,0,0,0,0,0,0,0,0,0,0,0,0,0,0,1,0,1,0,0,338
16.13,2.0,64,4,5000,76.77,159.43,8.92,190.5,720,1544,16,0.0,13,2.0,8.0,0.0,0,0,0,0,0,0,1,0,0,0,0,0,0,0,0,0,0,0,0,1,0,0,0,0,0,0,0,0,0,0,0,0,0,0,0,1,0,0,1,0,231
16.13,1.95,32,3,5000,76.77,159.43,8.92,190.5,720,1544,8,0.0,13,2.0,0.0,0.0,0,0,0,0,0,0,1,0,0,0,0,0,0,0,0,0,0,0,0,1,0,0,0,0,0,0,0,0,0,0,0,0,0,0,0,1,0,0,1,0,193
16.21,2.0,128,8,4500,75.19,159.25,8.68,186.7,1080,2340,32,0.0,48,8.0,2.0,2.0,0,0,0,0,0,0,1,0,0,0,0,0,0,0,0,0,0,0,0,0,0,0,0,0,0,0,0,0,0,0,0,0,0,0,0,1,0,0,1,0,356
16.21,2.0,128,8,4500,75.19,159.25,8.68,186.7,1080,2340,32,0.0,48,8.0,2.0,2.0,0,0,0,0,0,0,1,1,0,0,0,0,0,0,0,0,0,0,0,0,0,0,0,0,0,0,0,0,0,0,0,0,0,0,0,1,0,0,1,0,356
16.21,2.0,128,8,4500,75.19,159.25,8.68,186.7,1080,2340,32,0.0,48,8.0,2.0,2.0,0,0,0,0,0,0,1,0,0,0,0,0,0,0,0,0,0,0,0,0,0,0,0,0,1,0,0,0,0,0,0,0,0,0,0,1,0,0,1,0,356
15.8,2.0,32,3,4030,75.09,155.11,8.28,163.5,1520,720,5,0.0,13,0.0,0.0,0.0,0,0,0,0,0,0,1,0,0,0,0,0,0,0,0,0,0,0,0,0,0,0,0,0,0,0,0,0,0,0,0,0,0,0,1,0,0,0,1,0,160
15.8,2.0,32,3,4030,75.09,155.11,8.28,163.5,1520,720,5,0.0,13,0.0,0.0,0.0,0,0,0,0,0,0,1,1,0,0,0,0,0,0,0,0,0,0,0,0,0,0,0,0,0,0,0,0,0,0,0,0,0,0,1,0,0,0,1,0,213
16.59,2.0,128,8,5000,76.46,162.04,9.11,197.0,2340,1080,16,0.0,13,8.0,2.0,2.0,0,0,0,0,0,0,1,0,0,0,0,0,0,0,0,0,0,0,0,0,0,0,0,0,1,0,0,0,0,0,0,0,0,0,0,0,0,0,1,0,320
16.59,2.0,128,8,5000,76.46,162.04,9.11,197.0,2340,1080,16,0.0,13,8.0,2.0,2.0,0,0,0,0,0,0,1,1,0,0,0,0,0,0,0,0,0,0,0,0,0,0,0,0,0,0,0,0,0,0,0,0,0,0,0,0,0,0,1,0,320
16.59,2.3,128,6,5000,77.33,162.39,8.85,201.0,2340,1080,32,0.0,16,2.0,8.0,0.0,0,0,0,0,0,0,1,0,0,0,0,0,0,0,0,0,0,0,0,0,0,0,0,0,0,0,0,0,0,0,0,0,0,0,0,1,0,0,1,0,320
16.59,2.3,64,4,5000,77.33,162.39,8.85,201.0,2340,1080,32,0.0,16,2.0,8.0,0.0,0,0,0,0,0,0,1,0,0,0,0,0,0,0,0,0,0,0,0,0,0,0,0,0,0,0,0,0,0,0,0,0,0,0,0,1,0,0,1,0,249
16.59,2.3,128,6,5000,77.33,162.39,8.85,201.0,2340,1080,32,0.0,16,2.0,8.0,0.0,0,0,0,0,0,0,1,1,0,0,0,0,0,0,0,0,0,0,0,0,0,0,0,0,0,0,0,0,0,0,0,0,0,0,0,1,0,0,1,0,320
15.8,2.0,32,2,4030,75.09,155.11,8.28,163.5,1520,720,5,0.0,13,0.0,0.0,0.0,0,0,0,0,0,0,1,1,0,0,0,0,0,0,0,0,0,0,0,0,0,0,0,0,0,0,0,0,0,0,0,0,0,0,1,0,0,0,1,0,155
15.8,2.0,32,2,4030,75.09,155.11,8.28,163.5,1520,720,5,0.0,13,0.0,0.0,0.0,0,0,0,0,0,0,1,0,0,0,0,0,0,0,0,0,0,0,0,0,0,0,0,0,0,0,0,0,0,0,0,0,0,0,1,0,0,0,1,0,159
16.59,2.0,128,4,5000,76.47,162.15,8.89,193.0,1080,2340,16,0.0,16,8.0,2.0,0.0,0,0,0,0,0,0,1,0,0,0,0,0,0,0,0,0,0,0,0,0,0,0,0,0,0,0,0,0,0,0,0,0,0,0,0,1,0,1,0,0,291
16.36,2.3,256,8,4500,75.04,159.64,8.5,186.5,2400,1080,32,8.0,48,8.0,2.0,2.0,0,0,0,0,0,0,1,0,0,0,0,0,0,0,0,0,0,0,0,0,0,0,1,0,0,0,0,0,0,0,0,0,0,0,0,0,0,0,1,0,569
16.36,2.3,128,8,4500,75.04,159.64,8.5,186.5,2400,1080,32,8.0,48,8.0,2.0,2.0,0,0,0,0,0,0,1,0,0,0,0,0,0,0,0,0,0,0,0,0,0,0,1,0,0,0,0,0,0,0,0,0,0,0,0,0,0,0,1,0,498
16.36,2.3,128,8,4500,75.04,159.64,8.5,186.5,2400,1080,32,8.0,48,8.0,2.0,2.0,0,0,0,0,0,0,1,0,0,0,0,0,0,0,0,0,0,0,0,0,0,0,0,0,0,0,0,0,0,0,0,0,0,0,0,0,0,0,1,0,498
16.36,2.3,256,8,4500,75.04,159.64,8.5,186.5,2400,1080,32,8.0,48,8.0,2.0,2.0,0,0,0,0,0,0,1,0,0,0,0,0,0,0,0,0,0,0,0,0,0,0,0,0,0,0,0,0,0,0,0,0,0,0,0,0,0,0,1,0,569
16.36,2.0,128,8,4500,74.17,159.01,8.54,176.0,2400,1080,32,0.0,48,8.0,2.0,2.0,0,0,0,0,0,0,1,0,0,0,0,0,0,0,0,0,0,0,0,0,0,0,0,0,1,0,0,0,0,0,0,0,0,0,0,1,0,1,0,0,445
16.36,2.0,128,8,4500,74.17,159.01,8.54,176.0,2400,1080,32,0.0,48,8.0,2.0,2.0,0,0,0,0,0,0,1,0,0,0,0,0,0,0,0,0,0,0,0,0,0,0,0,0,0,0,0,0,0,0,0,0,0,0,0,1,0,1,0,0,445
16.13,2.0,64,3,5000,76.77,159.43,8.92,190.5,720,1544,8,0.0,13,8.0,2.0,0.0,0,0,0,0,0,0,1,1,0,0,0,0,0,0,0,0,0,0,0,0,0,0,0,0,0,0,0,0,0,0,0,0,0,0,0,1,0,0,1,0,213
16.21,2.0,64,6,4500,75.23,159.53,8.13,179.0,1080,2340,32,0.0,16,8.0,2.0,0.0,0,0,0,0,0,0,1,1,0,0,0,0,0,0,0,0,0,0,0,0,0,0,0,0,0,0,0,0,0,0,0,0,0,0,0,1,0,1,0,0,338
16.21,2.0,128,4,4500,75.23,159.53,8.13,179.0,1080,2340,32,0.0,16,8.0,2.0,0.0,0,0,0,0,0,0,1,1,0,0,0,0,0,0,0,0,0,0,0,0,0,0,0,0,0,0,0,0,0,0,0,0,0,0,0,1,0,1,0,0,302
16.21,2.0,128,6,4500,75.23,159.53,8.13,179.0,1080,2340,32,0.0,16,8.0,2.0,0.0,0,0,0,0,0,0,1,1,0,0,0,0,0,0,0,0,0,0,0,0,0,0,0,0,0,0,0,0,0,0,0,0,0,0,0,1,0,1,0,0,356
16.21,2.0,128,4,4500,75.23,159.53,8.13,179.0,1080,2340,32,0.0,16,8.0,2.0,0.0,0,0,0,0,0,0,1,0,0,0,0,0,0,0,0,0,0,0,0,0,0,0,0,0,0,0,0,0,0,0,0,0,0,0,0,1,0,1,0,0,302
16.21,2.0,128,6,4500,75.23,159.53,8.13,179.0,1080,2340,32,0.0,16,8.0,2.0,0.0,0,0,0,0,0,0,1,0,0,0,0,0,0,0,0,0,0,0,0,0,0,0,0,0,0,0,0,0,0,0,0,0,0,0,0,1,0,1,0,0,356
15.8,2.0,16,2,4030,75.09,155.11,8.28,163.5,1520,720,5,0.0,13,0.0,0.0,0.0,0,0,0,0,0,0,1,0,0,0,0,0,0,0,0,0,0,0,0,0,0,0,0,0,0,0,0,0,0,0,0,0,0,0,1,0,0,0,1,0,164
16.23,2.0,128,6,3700,74.71,157.25,8.21,185.0,2340,1080,32,0.0,48,5.0,8.0,0.0,0,0,0,0,0,0,1,1,0,0,0,0,0,0,0,0,0,0,0,0,0,0,0,0,0,0,0,0,0,0,0,0,0,0,0,1,0,0,1,0,399
16.13,2.3,128,4,5000,76.77,159.43,8.92,190.5,720,1544,20,0.0,13,2.0,8.0,0.0,0,0,0,0,0,0,1,0,0,0,0,0,0,0,0,0,0,1,0,0,0,0,0,0,0,0,0,0,0,0,0,0,0,0,0,1,0,0,1,0,249
16.23,2.0,128,6,3700,74.71,157.25,8.21,185.0,2340,1080,32,0.0,48,8.0,5.0,0.0,0,0,0,0,0,0,1,0,0,0,0,0,0,0,0,0,0,0,0,1,0,0,0,0,0,0,0,0,0,0,0,0,0,0,0,1,0,0,1,0,376
16.36,2.0,128,8,4100,74.7,159.0,9.8,201.8,2400,1080,32,8.0,48,13.0,8.0,2.0,0,0,0,0,0,0,1,0,0,0,0,0,0,0,0,0,0,0,0,0,0,0,0,0,0,0,0,0,0,0,0,0,0,0,0,1,0,1,0,0,525
16.36,2.0,128,8,4100,74.7,159.0,9.8,201.8,2400,1080,32,8.0,48,13.0,8.0,2.0,0,0,0,0,0,0,1,0,0,0,0,0,0,0,0,0,0,0,0,0,0,0,0,0,1,0,0,0,0,0,0,0,0,0,0,1,0,1,0,0,525
16.13,2.0,64,3,5000,76.77,159.43,8.92,190.5,720,1544,8,0.0,13,8.0,2.0,0.0,0,0,0,0,0,0,1,0,0,0,0,0,0,0,0,0,0,0,0,0,0,0,0,0,0,0,0,0,0,0,0,0,0,0,0,1,0,0,1,0,205
16.23,2.0,128,8,3700,74.71,157.25,8.21,185.0,2340,1080,32,0.0,48,8.0,5.0,0.0,0,0,0,0,0,0,1,1,0,0,0,0,0,0,0,0,0,0,0,0,0,0,0,0,0,0,0,0,0,0,0,0,0,0,0,1,0,0,1,0,507
16.28,1.95,64,6,3400,75.08,157.91,7.9,156.0,2340,1080,25,0.0,12,5.0,0.0,0.0,0,0,0,0,0,0,1,0,0,0,0,0,0,0,0,0,0,0,0,0,0,0,0,0,0,0,0,0,0,0,0,0,0,0,1,0,0,0,1,0,516
16.74,2.8,128,8,4000,77.0,162.0,7.98,199.0,2316,1080,8,0.0,12,5.0,0.0,0.0,0,0,0,0,0,0,1,0,0,0,0,0,0,0,0,0,0,0,0,0,0,0,0,0,0,0,0,0,0,0,0,0,0,0,1,0,0,0,1,0,534
15.49,2.0,32,3,3260,75.0,155.06,7.77,148.0,1520,720,5,0.0,13,0.0,0.0,0.0,0,0,0,0,0,0,1,0,0,0,0,0,0,0,0,0,0,0,0,0,0,0,0,0,0,0,0,0,0,0,0,0,0,0,1,0,0,0,1,0,249
16.0,1.8,32,4,3260,75.03,154.81,7.89,150.0,2280,1080,16,0.0,16,2.0,0.0,0.0,0,0,0,0,0,0,1,0,0,0,0,0,0,0,0,0,0,0,0,0,0,0,0,0,0,0,0,0,0,0,0,0,0,0,1,0,0,0,1,0,302
16.59,2.1,64,6,4000,75.93,161.97,8.54,189.5,2340,1080,32,0.0,12,5.0,8.0,0.0,0,0,0,0,0,0,1,0,0,0,0,0,0,0,0,0,0,0,0,0,0,0,0,0,0,0,0,0,0,0,0,0,0,0,0,1,0,0,1,0,376
15.8,2.0,32,4,4030,75.09,155.11,8.28,163.5,1520,720,8,0.0,13,2.0,0.0,0.0,0,0,0,0,0,0,1,0,0,0,0,0,0,0,0,0,0,0,0,0,0,0,0,0,0,0,0,0,0,0,0,0,0,0,1,0,0,0,1,0,276
15.8,2.0,64,3,4030,75.09,155.11,8.28,163.5,1520,720,8,0.0,13,2.0,0.0,0.0,0,0,0,0,0,0,1,0,0,0,0,0,0,0,0,0,0,0,0,0,0,0,0,0,0,0,0,0,0,0,0,0,0,0,1,0,0,0,1,0,267
15.8,2.0,32,2,4030,75.09,155.11,8.28,163.5,1520,720,8,0.0,13,2.0,0.0,0.0,0,0,0,0,0,0,1,1,0,0,0,0,0,0,0,0,0,0,0,0,0,0,0,0,0,0,0,0,0,0,0,0,0,0,1,0,0,0,1,0,213
14.48,1.8,32,4,3000,72.8,149.3,7.9,139.0,1440,720,24,0.0,16,0.0,0.0,0.0,0,0,0,0,0,0,1,0,0,0,0,0,0,0,0,0,0,0,0,0,0,0,0,0,0,0,0,0,0,0,1,0,0,0,0,0,0,0,1,0,336
14.48,1.8,32,4,3000,72.8,149.3,7.9,139.0,1440,720,24,0.0,16,0.0,0.0,0.0,0,0,0,0,0,0,1,1,0,0,0,0,0,0,0,0,0,0,0,0,0,0,0,0,0,0,0,0,0,0,1,0,0,0,0,0,0,0,1,0,285
15.8,2.0,32,4,3260,75.24,155.21,7.7,151.0,1520,720,8,0.0,13,0.0,0.0,0.0,0,0,0,0,0,0,1,0,0,0,0,0,1,0,0,0,0,0,0,0,0,0,0,0,0,0,0,0,0,0,0,0,0,0,1,0,0,0,1,0,214
16.0,2.2,64,4,3260,75.03,154.81,7.89,150.0,2280,1080,24,0.0,16,5.0,0.0,0.0,0,0,0,0,0,0,1,0,0,0,0,0,1,0,0,0,0,0,0,0,0,0,0,0,0,0,0,0,0,0,0,0,0,0,1,0,0,0,1,0,427
15.24,1.4,16,2,3360,75.74,155.87,7.8,150.0,1440,720,5,0.0,8,0.0,0.0,0.0,0,0,0,0,0,0,1,0,0,0,0,0,0,0,0,0,0,0,0,0,0,0,0,0,0,0,0,0,0,0,0,0,0,0,1,0,1,0,1,0,158
15.8,2.0,32,4,4030,75.09,155.11,8.28,163.5,1520,720,8,0.0,13,2.0,0.0,0.0,0,0,0,0,0,0,1,0,0,0,0,0,0,0,0,0,0,1,0,0,0,0,0,0,0,0,0,0,0,0,0,0,0,0,1,0,0,0,1,0,285
16.13,2.0,32,3,5000,76.77,159.43,8.92,190.5,720,1544,8,0.0,13,8.0,2.0,0.0,0,0,0,0,0,0,1,1,0,0,0,0,0,0,0,0,0,0,0,0,0,0,0,0,0,0,0,0,0,0,0,0,0,0,0,1,0,0,1,0,196
16.59,2.3,64,6,5000,77.33,162.39,8.85,201.0,2340,1080,32,0.0,16,2.0,8.0,0.0,0,0,0,0,0,0,1,0,0,0,0,0,0,0,0,0,0,0,0,0,0,0,0,0,0,0,0,0,0,0,0,0,0,0,0,1,0,0,1,0,267
16.59,2.3,64,4,5000,77.33,162.39,8.85,201.0,2340,1080,32,0.0,16,2.0,8.0,0.0,0,0,0,0,0,0,1,1,0,0,0,0,0,0,0,0,0,0,0,0,0,0,0,0,0,0,0,0,0,0,0,0,0,0,0,1,0,0,1,0,249
16.59,2.3,64,6,5000,77.33,162.39,8.85,201.0,2340,1080,32,0.0,16,2.0,8.0,0.0,0,0,0,0,0,0,1,1,0,0,0,0,0,0,0,0,0,0,0,0,0,0,0,0,0,0,0,0,0,0,0,0,0,0,0,1,0,0,1,0,267
16.13,2.0,64,4,5000,76.77,159.43,8.92,190.5,720,1544,8,0.0,13,8.0,2.0,0.0,0,0,0,0,0,0,1,1,0,0,0,0,0,0,0,0,0,0,0,0,0,0,0,0,0,0,0,0,0,0,0,0,0,0,0,1,0,0,1,0,231
16.13,2.0,64,4,5000,76.77,159.43,8.92,190.5,720,1544,8,0.0,13,8.0,2.0,0.0,0,0,0,0,0,0,1,0,0,0,0,0,0,0,0,0,0,0,0,0,0,0,0,0,0,0,0,0,0,0,0,0,0,0,0,1,0,0,1,0,231
16.0,1.95,64,4,3260,75.03,154.81,7.89,150.0,2280,1080,16,0.0,13,2.0,0.0,0.0,0,0,0,0,0,0,1,0,0,0,0,0,0,0,0,0,0,0,0,0,0,0,0,0,0,0,0,0,0,0,0,0,0,0,1,0,0,0,1,0,320
16.0,1.95,64,4,3260,75.03,154.81,7.89,150.0,2280,1080,16,0.0,13,2.0,0.0,0.0,0,0,0,0,0,0,1,0,0,0,0,0,0,0,0,0,0,1,0,0,0,0,0,0,0,0,0,0,0,0,0,0,0,0,1,0,0,0,1,0,320
15.49,2.0,32,3,3260,75.0,155.06,7.77,148.0,1520,720,5,0.0,13,0.0,0.0,0.0,0,0,0,0,0,0,1,0,0,0,0,0,1,0,0,0,0,0,0,0,0,0,0,0,0,0,0,0,0,0,0,0,0,0,1,0,0,0,1,0,205
16.0,1.8,32,4,3260,75.03,154.81,7.89,150.0,2280,1080,16,0.0,16,2.0,0.0,0.0,0,0,0,0,0,0,1,0,0,0,0,0,1,0,0,0,0,0,0,0,0,0,0,0,0,0,0,0,0,0,0,0,0,0,1,0,0,0,1,0,320
15.8,2.0,32,3,4030,75.09,155.11,8.28,163.5,1520,720,8,0.0,13,2.0,0.0,0.0,0,0,0,0,0,0,1,0,0,0,0,0,0,0,0,0,0,0,0,0,0,0,0,0,0,0,0,0,0,0,0,0,0,0,1,0,0,0,1,0,178
15.24,1.4,16,3,3360,75.74,155.87,7.8,150.0,1440,720,5,0.0,13,0.0,0.0,0.0,0,0,0,0,0,0,1,0,0,0,0,0,1,0,0,0,0,0,0,0,0,0,0,0,0,0,0,0,0,0,0,0,0,0,1,0,1,0,1,0,194
15.24,1.4,32,4,3360,75.74,155.87,7.8,150.0,1440,720,5,0.0,13,0.0,0.0,0.0,0,0,0,0,0,0,1,0,0,0,0,0,0,0,0,0,0,0,0,0,0,0,0,0,0,0,0,0,0,0,0,0,0,0,1,0,1,0,1,0,214
15.21,1.8,64,4,3225,75.74,155.87,7.7,160.0,1440,720,24,0.0,16,0.0,0.0,0.0,0,0,0,0,0,0,1,1,0,0,0,0,0,0,0,0,0,0,0,0,0,0,0,0,0,0,0,0,0,0,1,0,0,0,0,0,0,0,1,0,397
13.21,1.4,16,3,2730,72.9,149.9,7.5,142.0,1280,720,5,0.0,13,0.0,0.0,0.0,0,0,0,0,0,0,1,0,0,0,0,0,0,0,0,0,0,0,0,0,0,0,0,0,0,0,0,1,0,0,0,0,0,0,0,0,1,0,1,0,249
13.21,1.4,16,3,2730,72.9,149.9,7.5,142.0,1280,720,5,0.0,13,0.0,0.0,0.0,0,0,0,0,0,0,1,0,0,0,0,0,0,0,1,0,0,0,0,0,0,0,0,0,0,0,0,1,0,0,0,0,0,0,0,0,1,0,1,0,241
15.8,2.0,16,2,3260,75.0,155.06,7.77,143.0,1520,720,5,0.0,13,0.0,0.0,0.0,0,0,0,0,0,0,1,0,0,0,0,0,1,0,0,0,0,0,0,0,0,0,0,0,0,0,0,0,0,0,0,0,0,0,1,0,1,0,1,0,213
15.8,2.0,32,4,4030,75.09,155.11,8.28,163.5,1520,720,8,0.0,13,2.0,0.0,0.0,0,0,0,0,0,0,1,0,0,0,0,0,0,0,0,0,0,0,0,0,0,0,0,0,0,0,0,0,0,0,0,0,0,0,1,0,0,0,1,0,276
15.8,2.0,64,3,4030,75.09,155.11,8.28,163.5,1520,720,8,0.0,13,2.0,0.0,0.0,0,0,0,0,0,0,1,0,0,0,0,0,0,0,0,0,0,0,0,0,0,0,0,0,0,0,0,0,0,0,0,0,0,0,1,0,0,0,1,0,267
15.8,2.0,32,2,4030,75.09,155.11,8.28,163.5,1520,720,8,0.0,13,2.0,0.0,0.0,0,0,0,0,0,0,1,1,0,0,0,0,0,0,0,0,0,0,0,0,0,0,0,0,0,0,0,0,0,0,0,0,0,0,1,0,0,0,1,0,213
14.48,1.8,32,4,3000,72.8,149.3,7.9,139.0,1440,720,24,0.0,16,0.0,0.0,0.0,0,0,0,0,0,0,1,0,0,0,0,0,0,0,0,0,0,0,0,0,0,0,0,0,0,0,0,0,0,0,1,0,0,0,0,0,0,0,1,0,336
14.48,1.8,32,4,3000,72.8,149.3,7.9,139.0,1440,720,24,0.0,16,0.0,0.0,0.0,0,0,0,0,0,0,1,1,0,0,0,0,0,0,0,0,0,0,0,0,0,0,0,0,0,0,0,0,0,0,1,0,0,0,0,0,0,0,1,0,285
15.8,2.0,32,4,3260,75.24,155.21,7.7,151.0,1520,720,8,0.0,13,0.0,0.0,0.0,0,0,0,0,0,0,1,0,0,0,0,0,1,0,0,0,0,0,0,0,0,0,0,0,0,0,0,0,0,0,0,0,0,0,1,0,0,0,1,0,214
16.0,2.2,64,4,3260,75.03,154.81,7.89,150.0,2280,1080,24,0.0,16,5.0,0.0,0.0,0,0,0,0,0,0,1,0,0,0,0,0,1,0,0,0,0,0,0,0,0,0,0,0,0,0,0,0,0,0,0,0,0,0,1,0,0,0,1,0,427
15.24,1.4,16,2,3360,75.74,155.87,7.8,150.0,1440,720,5,0.0,8,0.0,0.0,0.0,0,0,0,0,0,0,1,0,0,0,0,0,0,0,0,0,0,0,0,0,0,0,0,0,0,0,0,0,0,0,0,0,0,0,1,0,1,0,1,0,158
15.8,2.0,32,4,4030,75.09,155.11,8.28,163.5,1520,720,8,0.0,13,2.0,0.0,0.0,0,0,0,0,0,0,1,0,0,0,0,0,0,0,0,0,0,1,0,0,0,0,0,0,0,0,0,0,0,0,0,0,0,0,1,0,0,0,1,0,285
16.59,2.3,64,4,5000,77.33,162.39,8.85,201.0,2340,1080,32,0.0,16,2.0,8.0,0.0,0,0,0,0,0,0,1,0,0,0,0,0,0,0,0,0,0,0,0,0,0,0,0,0,0,0,0,0,0,0,0,0,0,0,0,1,0,0,1,0,249
16.59,2.3,64,6,5000,77.33,162.39,8.85,201.0,2340,1080,32,0.0,16,2.0,8.0,0.0,0,0,0,0,0,0,1,0,0,0,0,0,0,0,0,0,0,0,0,0,0,0,0,0,0,0,0,0,0,0,0,0,0,0,0,1,0,0,1,0,267
16.59,2.3,64,6,5000,77.33,162.39,8.85,201.0,2340,1080,32,0.0,16,2.0,8.0,0.0,0,0,0,0,0,0,1,1,0,0,0,0,0,0,0,0,0,0,0,0,0,0,0,0,0,0,0,0,0,0,0,0,0,0,0,1,0,0,1,0,267
16.13,2.0,64,4,5000,76.77,159.43,8.92,190.5,720,1544,8,0.0,13,8.0,2.0,0.0,0,0,0,0,0,0,1,1,0,0,0,0,0,0,0,0,0,0,0,0,0,0,0,0,0,0,0,0,0,0,0,0,0,0,0,1,0,0,1,0,231
16.13,2.0,64,3,5000,76.77,159.43,8.92,190.5,720,1544,8,0.0,13,8.0,2.0,0.0,0,0,0,0,0,0,1,0,0,0,0,0,0,0,0,0,0,0,0,0,0,0,0,0,0,0,0,0,0,0,0,0,0,0,0,1,0,0,1,0,205
16.13,2.0,64,4,5000,76.77,159.43,8.92,190.5,720,1544,8,0.0,13,8.0,2.0,0.0,0,0,0,0,0,0,1,0,0,0,0,0,0,0,0,0,0,0,0,0,0,0,0,0,0,0,0,0,0,0,0,0,0,0,0,1,0,0,1,0,231
16.0,1.95,64,4,3260,75.03,154.81,7.89,150.0,2280,1080,16,0.0,13,2.0,0.0,0.0,0,0,0,0,0,0,1,0,0,0,0,0,0,0,0,0,0,0,0,0,0,0,0,0,0,0,0,0,0,0,0,0,0,0,1,0,0,0,1,0,320
16.0,1.95,64,4,3260,75.03,154.81,7.89,150.0,2280,1080,16,0.0,13,2.0,0.0,0.0,0,0,0,0,0,0,1,0,0,0,0,0,0,0,0,0,0,1,0,0,0,0,0,0,0,0,0,0,0,0,0,0,0,0,1,0,0,0,1,0,320
15.24,1.4,16,3,3360,75.74,155.87,7.8,150.0,1440,720,5,0.0,13,0.0,0.0,0.0,0,0,0,0,0,0,1,0,0,0,0,0,0,0,0,0,0,0,0,0,0,0,0,0,0,0,0,0,0,0,0,0,0,0,1,0,1,0,1,0,194
15.24,1.4,32,4,3360,75.74,155.87,7.8,150.0,1440,720,5,0.0,13,0.0,0.0,0.0,0,0,0,0,0,0,1,0,0,0,0,0,1,0,0,0,0,0,0,0,0,0,0,0,0,0,0,0,0,0,0,0,0,0,1,0,1,0,1,0,214
15.8,2.0,32,2,4030,75.09,155.11,8.28,163.5,1520,720,5,0.0,13,0.0,0.0,0.0,0,0,0,0,0,0,1,0,0,0,0,0,0,0,0,0,0,0,0,0,0,0,0,0,0,0,0,0,0,0,0,0,0,0,1,0,0,0,1,0,160
15.8,2.0,32,2,4030,75.09,155.11,8.28,163.5,1520,720,8,0.0,13,2.0,0.0,0.0,0,0,0,0,0,0,1,0,0,0,0,0,0,0,0,0,0,0,0,0,0,0,0,0,0,0,0,0,0,0,0,0,0,0,1,0,0,0,1,0,160
13.97,1.5,32,3,3000,75.7,154.6,7.7,162.8,1280,720,16,0.0,13,0.0,0.0,0.0,0,0,0,0,0,0,1,0,0,0,0,0,1,0,0,0,0,0,0,0,0,0,0,0,0,0,0,0,0,1,0,0,0,0,0,0,0,0,1,0,265
15.8,2.0,32,4,3260,75.0,155.06,7.77,148.0,1520,720,5,0.0,13,0.0,0.0,0.0,0,0,0,0,0,0,1,0,0,0,0,0,0,0,0,0,0,0,0,0,0,0,0,0,0,0,0,0,0,0,0,0,0,0,1,0,0,0,1,0,259
16.51,2.0,64,4,5000,75.3,163.6,8.9,191.0,1600,720,13,0.0,48,8.0,2.0,2.0,0,0,0,0,0,1,0,1,0,0,0,0,0,0,0,0,0,0,0,0,0,0,0,0,0,0,0,0,0,0,0,0,0,0,0,0,0,1,0,0,294
16.51,2.0,64,4,5000,75.3,163.6,8.9,191.0,1600,720,13,0.0,48,8.0,2.0,2.0,0,0,0,0,0,1,0,0,0,0,0,0,0,0,0,0,0,0,0,0,0,0,0,0,0,0,0,0,0,0,0,0,0,0,0,0,0,1,0,0,294
16.51,2.0,64,6,5000,75.3,163.6,8.9,191.0,1600,720,13,0.0,48,8.0,2.0,2.0,0,0,0,0,0,1,0,1,0,0,0,0,0,0,0,0,0,0,0,0,0,0,0,0,0,0,0,0,0,0,0,0,0,0,0,0,0,1,0,0,329
16.51,2.0,64,6,5000,75.3,163.6,8.9,191.0,1600,720,13,0.0,48,8.0,2.0,2.0,0,0,0,0,0,1,0,0,0,0,0,0,0,0,0,0,0,0,0,0,0,0,0,0,1,0,0,0,0,0,0,0,0,0,0,0,0,1,0,0,329
16.51,2.0,64,6,5000,75.3,163.6,8.9,191.0,1600,720,13,0.0,48,8.0,2.0,2.0,0,0,0,0,0,1,0,0,0,0,0,0,0,0,0,0,0,0,0,0,0,0,0,0,0,0,0,0,0,0,0,0,0,0,0,0,0,1,0,0,329
16.51,2.0,64,4,5000,75.3,163.6,8.9,191.0,1600,720,13,0.0,48,8.0,2.0,2.0,0,0,0,0,0,1,0,0,0,0,0,0,0,0,0,0,0,0,0,0,0,0,0,0,1,0,0,0,0,0,0,0,0,0,0,0,0,1,0,0,311
16.26,2.3,64,4,6000,75.0,159.0,9.0,188.0,2340,1080,20,0.0,48,8.0,5.0,0.0,0,0,0,0,0,1,0,1,0,0,0,0,0,0,0,0,0,0,0,0,0,0,0,0,0,0,0,0,0,0,0,0,0,0,0,0,0,0,1,0,285
16.26,2.3,64,4,6000,75.0,159.0,9.0,188.0,2340,1080,20,0.0,48,8.0,5.0,0.0,0,0,0,0,0,1,0,0,0,0,0,0,0,0,0,0,0,0,0,0,0,0,0,0,0,0,0,0,0,0,0,0,0,0,0,0,0,0,1,0,285
12.7,1.4,16,1,2600,72.1,143.4,8.95,154.0,960,540,5,0.0,8,0.0,0.0,0.0,0,0,0,0,0,1,0,0,0,0,0,0,0,0,0,0,0,0,0,0,0,0,0,0,0,0,0,0,0,0,0,0,0,0,1,0,1,1,0,0,112
17.02,2.8,512,8,4500,75.6,162.5,8.1,187.0,1080,2400,32,0.0,48,12.0,5.0,0.0,0,0,0,0,0,1,0,1,0,0,0,0,0,0,0,0,0,0,0,0,0,0,0,0,0,0,0,0,0,0,0,0,0,0,0,0,0,0,1,0,854
17.02,2.8,512,8,4500,75.6,162.5,8.1,187.0,1080,2400,32,0.0,48,12.0,5.0,0.0,0,0,0,0,0,1,0,0,0,0,0,0,0,0,0,0,0,0,0,0,0,0,0,0,0,0,0,0,0,0,0,0,0,0,0,0,0,0,1,0,854
11.94,1.3,8,1,2000,69.0,136.5,8.4,130.0,540,960,2,0.0,5,0.0,0.0,0.0,0,0,0,0,0,1,0,0,0,0,0,0,1,0,0,0,0,0,0,0,0,0,0,0,0,0,1,0,0,0,0,0,0,0,0,0,1,1,0,0,107
13.97,1.6,64,3,3600,74.7,152.4,7.8,178.0,1920,1080,13,0.0,13,0.0,0.0,0.0,0,0,0,0,0,1,0,0,0,0,0,0,0,0,0,0,0,0,0,0,0,0,0,0,0,0,0,0,0,1,0,0,0,0,0,0,0,1,0,0,374
13.97,1.6,16,2,3000,152.4,78.6,7.6,170.0,1280,720,5,0.0,13,0.0,0.0,0.0,0,0,0,0,0,1,0,0,0,0,0,0,0,0,0,0,0,0,0,0,0,0,0,0,0,0,0,0,0,1,0,0,0,0,0,0,0,1,0,0,214
13.97,1.6,16,2,3000,152.4,78.6,7.6,170.0,1280,720,5,0.0,13,0.0,0.0,0.0,0,0,0,0,0,1,0,0,0,0,0,0,1,0,0,0,0,0,0,0,0,0,0,0,0,0,0,0,0,1,0,0,0,0,0,0,0,1,0,0,196
16.76,2.0,64,4,5000,76.8,165.0,8.7,185.0,1600,720,8,0.0,48,2.0,2.0,0.0,0,0,0,0,0,0,0,0,0,0,0,0,0,0,0,0,0,0,0,0,0,0,0,1,0,0,0,0,0,0,0,0,0,0,0,0,0,0,1,0,178
16.76,2.0,64,4,5000,76.8,165.0,8.7,185.0,1600,720,8,0.0,48,2.0,2.0,0.0,0,0,0,0,0,0,0,1,0,0,0,0,0,0,0,0,0,0,0,0,0,0,0,0,0,0,0,0,0,0,0,0,0,0,0,0,0,0,1,0,178
16.76,2.0,64,4,5000,76.8,165.0,8.7,185.0,1600,720,8,0.0,13,2.0,2.0,0.0,0,0,0,0,0,0,0,0,0,0,0,0,0,0,0,0,0,0,0,0,0,0,0,1,0,0,0,0,0,0,0,0,0,0,0,0,0,0,1,0,160
16.76,2.0,64,4,5000,76.8,165.0,8.7,185.0,1600,720,8,0.0,13,2.0,2.0,0.0,0,0,0,0,0,0,0,1,0,0,0,0,0,0,0,0,0,0,0,0,0,0,0,0,0,0,0,0,0,0,0,0,0,0,0,0,0,0,1,0,160
15.06,2.0,64,4,4000,75.0,158.0,8.4,190.0,1080,2160,16,0.0,16,0.0,0.0,0.0,0,0,0,0,0,0,0,1,0,0,0,0,0,0,0,0,0,0,0,0,0,0,0,0,0,0,0,0,0,0,0,0,0,0,1,0,0,0,1,0,196
16.59,2.3,64,4,4000,76.88,162.5,8.95,194.0,2340,1080,16,0.0,48,2.0,0.0,0.0,0,0,0,0,0,0,0,0,0,0,0,0,0,1,0,0,0,0,0,0,0,0,0,0,0,0,0,0,0,0,0,0,0,0,0,0,0,0,1,0,205
16.59,2.3,64,4,4000,76.88,162.5,8.95,194.0,2340,1080,16,0.0,48,2.0,0.0,0.0,0,0,0,0,0,0,0,0,0,0,0,0,0,0,0,0,0,0,0,0,0,0,0,1,0,0,0,0,0,0,0,0,0,0,0,0,0,0,1,0,205
15.06,2.0,64,4,4000,75.0,158.0,8.4,190.0,1080,2160,16,0.0,16,0.0,0.0,0.0,0,0,0,0,0,0,0,0,0,0,0,0,0,0,0,0,0,0,0,1,0,0,0,0,0,0,0,0,0,0,0,0,0,0,1,0,0,0,1,0,196
15.75,1.4,32,3,4000,75.3,156.7,8.3,150.0,1500,720,16,0.0,13,2.0,0.0,0.0,0,0,0,0,0,0,0,0,0,0,0,0,0,0,1,0,0,0,0,0,0,0,0,0,0,0,0,0,0,0,0,0,0,0,1,0,0,1,0,0,196
15.75,1.4,32,3,4000,75.3,156.7,8.3,150.0,1500,720,16,0.0,13,2.0,0.0,0.0,0,0,0,0,0,0,0,0,0,0,0,0,0,0,0,0,0,0,0,0,0,0,0,0,0,0,0,0,0,0,0,0,0,0,1,0,0,1,0,0,196
15.21,2.0,64,4,4500,75.25,158.25,8.65,175.0,1080,2160,16,0.0,12,0.0,0.0,0.0,0,0,0,0,0,0,0,1,0,0,0,0,0,0,0,0,0,0,0,0,0,0,0,0,0,0,0,0,0,0,0,0,0,0,1,0,0,0,1,0,137
15.21,2.0,64,4,4500,75.25,158.25,8.65,175.0,1080,2160,16,0.0,12,0.0,0.0,0.0,0,0,0,0,0,0,0,0,0,0,0,0,0,0,1,0,0,0,0,0,0,0,0,0,0,0,0,0,0,0,0,0,0,0,1,0,0,0,1,0,137
15.72,2.39,64,4,4000,74.8,153.9,7.9,159.0,1500,720,13,2.0,13,2.0,0.0,0.0,0,0,0,0,0,0,0,0,0,0,0,0,0,0,0,0,0,0,0,0,0,0,0,0,0,0,0,0,0,0,0,0,0,0,0,1,0,1,0,0,178
15.72,2.39,64,4,4000,74.8,153.9,7.9,159.0,1500,720,13,2.0,13,2.0,0.0,0.0,0,0,0,0,0,0,0,0,1,0,0,0,0,0,0,0,0,0,0,0,0,0,0,0,0,0,0,0,0,0,0,0,0,0,0,1,0,1,0,0,178
15.72,2.39,64,4,4000,74.8,153.9,7.9,159.0,1500,720,13,2.0,13,2.0,0.0,0.0,0,0,0,0,0,0,0,1,0,0,0,0,0,0,0,0,0,0,0,0,0,0,0,0,0,0,0,0,0,0,0,0,0,0,0,1,0,1,0,0,178
15.21,2.0,32,3,4500,75.25,158.25,8.65,175.0,1080,2160,16,0.0,12,0.0,0.0,0.0,0,0,0,0,0,0,0,0,0,0,0,0,0,0,1,0,0,0,0,0,0,0,0,0,0,0,0,0,0,0,0,0,0,0,1,0,0,0,1,0,135
14.35,1.4,64,4,4000,72.85,153.0,8.4,150.0,720,1440,20,0.0,13,0.0,0.0,0.0,0,0,0,0,0,0,0,1,0,0,0,0,0,0,0,0,0,0,0,0,0,0,0,0,0,0,0,0,0,0,0,0,0,1,0,0,0,0,1,0,214
14.35,1.4,64,4,4000,72.85,153.0,8.4,150.0,1440,720,20,0.0,13,0.0,0.0,0.0,0,0,0,0,0,0,0,0,0,0,0,0,0,0,0,0,0,0,0,0,0,0,0,0,0,0,0,0,0,0,0,0,0,1,0,0,0,0,1,0,214
14.35,1.4,64,4,4000,72.85,153.0,8.4,150.0,720,1440,20,0.0,13,0.0,0.0,0.0,0,0,0,0,0,0,0,0,0,0,0,0,1,0,0,0,0,0,0,0,0,0,0,0,0,0,0,0,0,0,0,0,0,1,0,0,0,0,1,0,214
16.76,2.0,64,4,4000,76.0,164.0,7.9,178.0,720,1600,16,0.0,16,2.0,0.0,0.0,0,0,0,0,0,0,0,0,0,0,0,0,0,0,0,0,0,0,0,0,0,0,0,1,0,0,0,0,0,0,0,0,0,0,0,1,0,1,0,0,151
16.76,2.0,64,4,4000,76.0,164.0,7.9,178.0,720,1600,16,0.0,16,2.0,0.0,0.0,0,0,0,0,0,0,0,0,0,0,0,1,0,0,0,0,0,0,0,0,0,0,0,0,0,0,0,0,0,0,0,0,0,0,0,1,0,1,0,0,151
16.76,2.0,64,4,4000,76.0,164.0,7.9,178.0,720,1600,16,0.0,16,2.0,0.0,0.0,0,0,0,0,0,0,0,0,0,0,0,0,0,0,0,0,0,0,0,0,0,0,0,0,0,0,0,0,0,0,0,0,0,0,0,1,0,1,0,0,151
15.21,2.0,32,3,4500,75.25,158.25,8.65,175.0,1080,2160,16,0.0,12,0.0,0.0,0.0,0,0,0,0,0,0,0,0,0,0,0,0,0,0,0,0,0,0,0,0,0,0,0,0,0,0,0,0,0,0,0,0,0,0,1,0,0,0,1,0,135
15.19,2.6,128,6,4350,82.38,166.38,7.95,197.0,1080,1920,16,0.0,12,13.0,0.0,0.0,0,0,0,0,0,0,0,0,0,0,0,0,0,0,0,0,0,0,0,0,0,0,0,0,0,0,0,0,0,1,0,0,0,0,0,0,0,0,1,0,356
15.77,2.0,32,3,4000,75.0,156.0,7.9,155.0,720,1520,32,0.0,13,2.0,8.0,0.0,0,0,0,0,0,0,0,1,0,0,0,0,0,0,0,0,0,0,0,0,0,0,0,0,0,0,0,0,0,0,0,0,0,0,0,1,0,0,1,0,171
15.77,2.0,32,3,4000,75.0,156.0,7.9,155.0,720,1520,32,0.0,13,2.0,8.0,0.0,0,0,0,0,0,0,0,0,0,0,0,0,0,0,0,0,0,1,0,0,0,0,0,0,0,0,0,0,0,0,0,0,0,0,0,1,0,0,1,0,171
15.77,2.0,32,3,4000,75.0,156.0,7.9,155.0,720,1520,32,0.0,13,2.0,8.0,0.0,0,0,0,0,0,0,0,0,0,0,0,0,0,0,1,0,0,0,0,0,0,0,0,0,0,0,0,0,0,0,0,0,0,0,0,1,0,0,1,0,171
16.76,2.0,64,4,4000,76.0,164.0,7.9,178.0,720,1600,32,0.0,16,5.0,2.0,0.0,0,0,0,0,0,0,0,0,0,0,0,1,0,0,0,0,0,0,0,0,0,0,0,0,0,0,0,0,0,0,0,0,0,0,0,1,0,0,1,0,171
16.76,2.0,64,4,4000,76.0,164.0,7.9,178.0,720,1600,32,0.0,16,5.0,2.0,0.0,0,0,0,0,0,0,0,0,0,0,0,0,0,0,0,0,0,0,0,0,0,0,0,1,0,0,0,0,0,0,0,0,0,0,0,1,0,0,1,0,171
14.35,1.4,32,3,4000,72.85,153.0,8.4,150.0,720,1440,20,0.0,13,0.0,0.0,0.0,0,0,0,0,0,0,0,0,0,0,0,0,1,0,0,0,0,0,0,0,0,0,0,0,0,0,0,0,0,0,0,0,0,1,0,0,0,0,1,0,178
14.35,1.4,32,3,4000,72.85,153.0,8.4,150.0,720,1440,20,0.0,13,0.0,0.0,0.0,0,0,0,0,0,0,0,0,0,0,0,0,0,0,0,0,0,0,0,0,0,0,0,0,0,0,0,0,0,0,0,0,0,1,0,0,0,0,1,0,178
14.35,1.4,32,3,4000,72.85,153.0,8.4,150.0,720,1440,20,0.0,13,0.0,0.0,0.0,0,0,0,0,0,0,0,1,0,0,0,0,0,0,0,0,0,0,0,0,0,0,0,0,0,0,0,0,0,0,0,0,0,1,0,0,0,0,1,0,178
14.35,1.4,32,3,4000,72.85,153.0,8.4,150.0,720,1440,20,0.0,13,0.0,0.0,0.0,0,0,0,0,0,0,0,0,0,0,0,0,0,0,0,0,0,0,0,1,0,0,0,0,0,0,0,0,0,0,0,0,0,1,0,0,0,0,1,0,178
15.21,2.0,64,4,4500,75.25,158.25,8.65,175.0,1080,2160,16,0.0,12,0.0,0.0,0.0,0,0,0,0,0,0,0,0,0,0,0,0,0,0,0,0,0,0,0,0,0,0,0,0,0,0,0,0,0,0,0,0,0,0,1,0,0,0,1,0,137
15.19,2.6,64,6,4350,82.38,166.38,7.95,197.0,1080,1920,16,0.0,12,13.0,0.0,0.0,0,0,0,0,0,0,0,0,0,0,0,0,0,0,0,0,0,0,0,0,0,0,0,0,0,0,0,0,0,1,0,0,0,0,0,0,0,0,1,0,320
15.19,2.6,64,6,4350,82.38,166.38,7.95,197.0,1080,1920,16,0.0,12,13.0,0.0,0.0,0,0,0,0,0,0,0,0,0,0,0,0,0,0,0,0,0,0,0,1,0,0,0,0,0,0,0,0,0,1,0,0,0,0,0,0,0,0,1,0,320
15.7,2.8,128,6,4000,75.3,155.5,8.8,180.0,2160,1080,20,0.0,12,5.0,0.0,0.0,0,0,1,0,0,0,0,1,0,0,0,0,0,0,0,0,0,0,0,0,0,0,0,0,0,0,0,0,0,0,0,0,0,0,1,0,0,0,1,0,338
15.7,2.8,256,8,4000,75.3,155.5,8.8,180.0,2160,1080,20,0.0,12,5.0,0.0,0.0,0,0,1,0,0,0,0,1,0,0,0,0,0,0,0,0,0,0,0,0,0,0,0,0,0,0,0,0,0,0,0,0,0,0,1,0,0,0,1,0,409
15.7,2.8,256,8,4000,75.3,155.5,8.8,180.0,2160,1080,20,0.0,12,5.0,0.0,0.0,0,0,1,0,0,0,0,0,0,0,0,0,0,0,0,0,0,0,0,0,0,0,0,0,0,0,0,0,0,0,0,0,0,0,1,0,0,0,1,0,409
15.7,2.8,256,8,4000,75.3,155.5,8.8,180.0,2160,1080,20,0.0,12,5.0,0.0,0.0,0,0,1,0,0,0,0,0,0,0,0,0,0,0,0,0,0,0,0,0,0,0,0,0,0,0,0,0,0,0,0,0,0,0,1,0,0,0,1,0,409
15.7,2.8,64,6,4000,75.3,155.5,8.8,180.0,2160,1080,20,0.0,12,5.0,0.0,0.0,0,0,1,0,0,0,0,0,0,0,0,0,0,0,0,0,0,0,0,1,0,0,0,0,0,0,0,0,0,0,0,0,0,0,1,0,0,0,1,0,356
16.94,2.2,256,8,4500,76.6,165.3,8.79,208.0,2400,1080,20,2.0,64,8.0,2.0,2.0,0,0,1,0,0,0,0,0,0,0,0,0,0,0,0,0,0,1,0,0,0,0,0,0,0,0,0,0,0,0,0,0,0,0,0,0,0,0,1,0,383
16.94,2.2,64,6,4500,76.6,165.3,8.79,208.0,2400,1080,20,2.0,64,8.0,2.0,2.0,0,0,1,0,0,0,0,0,0,0,0,0,0,0,0,0,0,1,0,0,0,0,0,0,0,0,0,0,0,0,0,0,0,0,0,0,0,0,1,0,311
16.94,2.2,64,6,4500,76.6,165.3,8.79,208.0,2400,1080,20,2.0,64,8.0,2.0,2.0,0,0,1,0,0,0,0,1,0,0,0,0,0,0,0,0,0,0,0,0,0,0,0,0,0,0,0,0,0,0,0,0,0,0,0,0,0,0,1,0,311
16.94,2.2,128,6,4500,76.6,165.3,8.79,208.0,2400,1080,20,2.0,64,8.0,2.0,2.0,0,0,1,0,0,0,0,0,0,0,0,0,0,0,0,0,0,0,0,1,0,0,0,0,0,0,0,0,0,0,0,0,0,0,0,0,0,0,1,0,329
16.94,2.2,128,6,4500,76.6,165.3,8.79,208.0,2400,1080,20,2.0,64,8.0,2.0,2.0,0,0,1,0,0,0,0,1,0,0,0,0,0,0,0,0,0,0,0,0,0,0,0,0,0,0,0,0,0,0,0,0,0,0,0,0,0,0,1,0,329
16.94,2.2,256,8,4500,76.6,165.3,8.79,208.0,2400,1080,20,2.0,64,8.0,2.0,2.0,0,0,1,0,0,0,0,1,0,0,0,0,0,0,0,0,0,0,0,0,0,0,0,0,0,0,0,0,0,0,0,0,0,0,0,0,0,0,1,0,383
16.94,2.2,256,8,4500,76.6,165.3,8.79,208.0,2400,1080,20,2.0,64,8.0,2.0,2.0,0,0,1,0,0,0,0,0,0,0,0,0,0,0,0,0,0,0,0,1,0,0,0,0,0,0,0,0,0,0,0,0,0,0,0,0,0,0,1,0,383
16.94,2.2,64,6,4500,76.6,165.3,8.79,208.0,2400,1080,20,2.0,64,8.0,2.0,2.0,0,0,1,0,0,0,0,0,0,0,0,0,0,0,0,0,0,0,0,1,0,0,0,0,0,0,0,0,0,0,0,0,0,0,0,0,0,0,1,0,311
16.94,2.2,128,6,4500,76.6,165.3,8.79,208.0,2400,1080,20,2.0,64,8.0,2.0,2.0,0,0,1,0,0,0,0,0,0,0,0,0,0,0,0,0,0,1,0,0,0,0,0,0,0,0,0,0,0,0,0,0,0,0,0,0,0,0,1,0,329
15.7,2.8,128,6,4000,75.3,155.5,8.8,180.0,2160,1080,20,0.0,12,5.0,0.0,0.0,0,0,1,0,0,0,0,0,0,0,0,0,0,0,0,0,0,0,0,1,0,0,0,0,0,0,0,0,0,0,0,0,0,0,1,0,0,0,1,0,338
15.7,2.8,128,6,4000,75.3,155.5,8.8,180.0,2160,1080,20,0.0,12,5.0,0.0,0.0,0,0,1,0,0,0,0,0,0,0,0,0,0,0,0,0,0,0,0,0,0,0,0,0,0,0,0,0,0,0,0,0,0,0,1,0,0,0,1,0,338
15.7,2.8,256,8,4000,75.3,155.5,8.8,180.0,2160,1080,20,0.0,12,5.0,0.0,0.0,0,0,1,0,0,0,0,0,0,0,0,0,0,0,0,0,0,0,0,1,0,0,0,0,0,0,0,0,0,0,0,0,0,0,1,0,0,0,1,0,409
15.7,2.8,128,6,4000,75.3,155.5,8.8,180.0,2160,1080,20,0.0,12,5.0,0.0,0.0,0,0,1,0,0,0,0,0,0,0,0,0,0,0,0,0,0,0,0,0,0,0,0,0,0,0,0,0,0,0,0,0,0,0,1,0,0,0,1,0,338
16.94,2.2,128,6,4500,76.6,165.3,8.79,208.0,2400,1080,20,2.0,64,8.0,2.0,2.0,0,0,1,0,0,0,0,1,0,0,0,0,0,0,0,0,0,0,0,0,0,0,0,0,0,0,0,0,0,0,0,0,0,0,0,0,0,0,1,0,329
16.94,2.2,128,6,4500,76.6,165.3,8.79,208.0,2400,1080,20,2.0,64,8.0,2.0,2.0,0,0,1,0,0,0,0,0,0,0,0,0,0,0,0,0,0,0,0,1,0,0,0,0,0,0,0,0,0,0,0,0,0,0,0,0,0,0,1,0,329
15.7,2.8,64,6,4000,75.3,155.5,8.8,180.0,2160,1080,20,0.0,12,5.0,0.0,0.0,0,0,1,0,0,0,0,1,0,0,0,0,0,0,0,0,0,0,0,0,0,0,0,0,0,0,0,0,0,0,0,0,0,0,1,0,0,0,1,0,356
15.7,2.8,64,6,4000,75.3,155.5,8.8,180.0,2160,1080,20,0.0,12,5.0,0.0,0.0,0,0,1,0,0,0,0,0,0,0,0,0,0,0,0,0,0,0,0,0,0,0,0,0,0,0,0,0,0,0,0,0,0,0,1,0,0,0,1,0,356
16.94,2.3,64,6,5000,76.68,165.75,8.8,209.0,2400,1080,16,0.0,48,8.0,5.0,2.0,0,0,1,0,0,0,0,0,0,0,0,0,0,1,0,0,0,0,0,0,0,0,0,0,0,0,0,0,0,0,0,0,0,0,0,0,0,1,0,0,267
16.94,2.3,128,6,5000,76.68,165.75,8.8,209.0,2400,1080,16,0.0,48,8.0,5.0,2.0,0,0,1,0,0,0,0,0,0,0,0,0,0,1,0,0,0,0,0,0,0,0,0,0,0,0,0,0,0,0,0,0,0,0,0,0,0,1,0,0,303
16.94,2.3,64,4,5000,76.68,165.75,8.8,209.0,2400,1080,16,0.0,48,8.0,5.0,2.0,0,0,1,0,0,0,0,0,0,0,0,0,0,1,0,0,0,0,0,0,0,0,0,0,0,0,0,0,0,0,0,0,0,0,0,0,0,1,0,0,249
16.94,2.3,128,6,5000,76.68,165.75,8.8,209.0,2400,1080,16,0.0,48,8.0,5.0,2.0,0,0,1,0,0,0,0,1,0,0,0,0,0,0,0,0,0,0,0,0,0,0,0,0,0,0,0,0,0,0,0,0,0,0,0,0,0,1,0,0,303
16.94,2.3,128,6,5000,76.68,165.75,8.8,209.0,2400,1080,16,0.0,48,8.0,5.0,2.0,0,0,1,0,0,0,0,0,0,0,0,0,0,0,0,0,0,0,0,0,0,0,0,0,0,0,0,0,0,0,0,0,0,0,0,0,0,1,0,0,303
16.94,2.3,64,6,5000,76.68,165.75,8.8,209.0,2400,1080,16,0.0,48,8.0,5.0,2.0,0,0,1,0,0,0,0,0,0,0,0,0,0,0,0,0,0,0,0,0,0,0,0,0,0,0,0,0,0,0,0,0,0,0,0,0,0,1,0,0,267
16.94,2.3,64,6,5000,76.68,165.75,8.8,209.0,2400,1080,16,0.0,48,8.0,5.0,2.0,0,0,1,0,0,0,0,1,0,0,0,0,0,0,0,0,0,0,0,0,0,0,0,0,0,0,0,0,0,0,0,0,0,0,0,0,0,1,0,0,267
16.94,2.3,64,4,5000,76.68,165.75,8.8,209.0,2400,1080,16,0.0,48,8.0,5.0,2.0,0,0,1,0,0,0,0,0,0,0,0,0,0,0,0,0,0,0,0,0,0,0,0,0,0,0,0,0,0,0,0,0,0,0,0,0,0,1,0,0,249
16.94,2.3,64,4,5000,76.68,165.75,8.8,209.0,2400,1080,16,0.0,48,8.0,5.0,2.0,0,0,1,0,0,0,0,1,0,0,0,0,0,0,0,0,0,0,0,0,0,0,0,0,0,0,0,0,0,0,0,0,0,0,0,0,0,1,0,0,249
16.51,2.3,64,4,4230,75.5,163.9,8.3,180.0,1600,720,8,0.0,12,2.0,2.0,0.0,0,1,0,0,0,0,0,0,0,0,0,0,0,0,0,0,0,0,0,0,0,0,0,0,1,0,0,0,0,0,0,0,0,0,0,1,0,0,1,0,222
16.51,2.3,128,6,4230,75.5,163.9,8.3,180.0,1600,720,8,0.0,12,2.0,2.0,0.0,0,1,0,0,0,0,0,0,0,0,0,0,0,0,0,0,0,0,0,0,0,0,0,0,1,0,0,0,0,0,0,0,0,0,0,1,0,0,1,0,267
16.51,2.3,128,6,4230,75.5,163.9,8.3,180.0,1600,720,8,0.0,12,2.0,2.0,0.0,0,1,0,0,0,0,0,0,0,0,0,0,0,0,0,0,0,0,0,0,0,0,0,0,0,0,0,0,0,0,0,0,0,0,0,1,0,0,1,0,267
16.51,2.3,64,4,4230,75.5,163.9,8.3,180.0,1600,720,8,0.0,12,2.0,2.0,0.0,0,1,0,0,0,0,0,0,0,0,0,0,0,0,0,0,0,0,0,0,0,0,0,0,0,0,0,0,0,0,0,0,0,0,0,1,0,0,1,0,222
16.51,1.8,128,4,5000,75.6,163.6,9.1,195.0,1600,720,16,0.0,48,8.0,2.0,2.0,0,1,0,0,0,0,0,0,0,0,0,0,0,1,0,0,0,0,0,0,0,0,0,0,0,0,0,0,0,0,0,0,0,0,0,1,0,0,1,0,302
15.8,1.8,32,3,4230,75.5,155.9,8.3,165.0,1520,720,5,0.0,13,2.0,0.0,0.0,0,1,0,0,0,0,0,0,0,0,0,0,0,0,0,0,0,0,0,0,0,0,0,0,0,0,0,0,0,0,0,0,0,0,0,1,0,0,1,0,178
15.8,1.8,32,3,4230,75.5,155.9,8.3,165.0,1520,720,5,0.0,13,2.0,0.0,0.0,0,1,0,0,0,0,0,1,0,0,0,0,0,0,0,0,0,0,0,0,0,0,0,0,0,0,0,0,0,0,0,0,0,0,0,1,0,0,1,0,178
15.75,2.3,32,2,4230,75.4,155.9,8.2,170.0,1520,720,8,0.0,13,2.0,0.0,0.0,0,1,0,0,0,0,0,1,0,0,0,0,0,0,0,0,0,0,0,0,0,0,0,0,0,0,0,0,0,0,0,0,0,0,1,0,0,0,1,0,160
16.26,2.1,128,8,4000,73.3,160.2,7.9,172.0,2400,1080,16,0.0,48,8.0,2.0,2.0,0,1,0,0,0,0,0,0,0,0,0,0,0,0,0,0,0,0,0,0,0,0,0,0,1,0,0,0,0,0,0,0,0,0,0,1,0,0,1,0,338
16.26,2.1,128,8,4000,73.3,160.2,7.9,172.0,2400,1080,16,0.0,48,8.0,2.0,2.0,0,1,0,0,0,0,0,1,0,0,0,0,0,0,0,0,0,0,0,0,0,0,0,0,0,0,0,0,0,0,0,0,0,0,0,1,0,0,1,0,338
16.51,2.0,128,6,5000,75.5,162.0,8.9,192.0,2400,1080,16,0.0,12,8.0,2.0,2.0,0,1,0,0,0,0,0,0,0,0,0,0,0,0,0,0,0,0,0,0,0,0,0,0,0,0,0,0,0,0,0,0,0,0,0,0,0,0,1,0,302
16.51,2.0,128,6,5000,75.5,162.0,8.9,192.0,2400,1080,16,0.0,12,8.0,2.0,2.0,0,1,0,0,0,0,0,0,0,0,0,0,0,0,0,0,0,0,0,0,0,0,0,0,1,0,0,0,0,0,0,0,0,0,0,0,0,0,1,0,302
15.8,1.8,32,2,4230,75.5,155.9,8.3,165.0,1520,720,5,0.0,13,2.0,0.0,0.0,0,1,0,0,0,0,0,1,0,0,0,0,0,0,0,0,0,0,0,0,0,0,0,0,0,0,0,0,0,0,0,0,0,0,0,1,0,0,1,0,160
15.8,1.8,32,2,4230,75.5,155.9,8.3,165.0,1520,720,5,0.0,13,2.0,0.0,0.0,0,1,0,0,0,0,0,0,0,0,0,0,0,0,0,0,0,0,0,0,0,0,1,0,0,0,0,0,0,0,0,0,0,0,0,1,0,0,1,0,160
15.75,2.3,64,4,4230,75.4,155.9,8.2,170.0,1520,720,8,0.0,13,2.0,0.0,0.0,0,1,0,0,0,0,0,0,0,0,0,0,0,1,0,0,0,0,0,0,0,0,0,0,0,0,0,0,0,0,0,0,0,0,1,0,0,0,1,0,213
16.51,1.8,128,8,5000,75.6,163.6,9.1,195.0,1600,720,16,0.0,48,8.0,2.0,2.0,0,1,0,0,0,0,0,0,0,0,0,0,0,0,0,0,0,1,0,0,0,0,0,0,0,0,0,0,0,0,0,0,0,0,0,1,0,0,1,0,285
16.26,2.1,128,8,4000,73.3,160.2,7.9,172.0,2400,1080,16,0.0,48,8.0,2.0,2.0,0,1,0,0,0,0,0,0,0,0,0,0,0,0,0,0,0,0,0,0,0,0,0,0,0,0,0,0,0,0,0,0,0,0,0,1,0,0,1,0,338
15.75,2.3,64,4,4230,75.4,155.9,8.2,170.0,1520,720,8,0.0,13,2.0,0.0,0.0,0,1,0,0,0,0,0,0,0,0,0,0,1,0,0,0,0,0,0,0,0,0,0,0,0,0,0,0,0,0,0,0,0,0,1,0,0,0,1,0,283
16.26,2.2,128,8,4025,73.4,158.8,8.1,175.0,2400,1080,44,2.0,64,13.0,8.0,2.0,0,1,0,0,0,0,0,0,0,0,0,0,0,0,0,0,0,0,0,0,0,0,0,0,1,0,0,0,0,0,0,0,0,0,0,0,0,0,1,0,534
16.26,2.2,128,8,4025,73.4,158.8,8.1,175.0,2400,1080,44,2.0,64,13.0,8.0,2.0,0,1,0,0,0,0,0,1,0,0,0,0,0,0,0,0,0,0,0,0,0,0,0,0,0,0,0,0,0,0,0,0,0,0,0,0,0,0,1,0,534
16.26,2.2,128,8,4025,73.4,158.8,8.1,175.0,2400,1080,44,2.0,64,13.0,8.0,2.0,0,1,0,0,0,0,0,0,0,0,0,0,0,0,0,0,0,0,0,0,0,0,0,0,0,0,0,0,0,0,0,0,0,0,0,0,0,0,1,0,534
15.75,2.3,32,2,4230,75.4,155.9,8.2,170.0,1520,720,8,0.0,13,2.0,0.0,0.0,0,1,0,0,0,0,0,0,0,0,0,0,0,0,0,0,0,0,0,0,0,0,0,0,0,0,0,0,0,0,0,0,0,0,1,0,0,0,1,0,231
16.51,2.1,64,6,4000,76.1,161.3,8.8,190.0,2340,1080,16,0.0,48,5.0,0.0,0.0,0,1,0,0,0,0,0,0,0,0,0,0,0,0,0,0,0,0,0,0,0,0,0,0,0,0,0,0,0,0,0,0,0,0,0,1,0,0,1,0,267
16.76,2.8,256,8,4065,77.2,162.0,9.3,215.0,2340,1080,16,0.0,48,13.0,8.0,0.0,0,1,0,0,0,0,0,0,0,0,0,0,0,1,0,0,0,0,0,0,0,0,0,0,0,0,0,0,0,0,0,0,0,0,0,1,0,0,1,0,747
16.51,2.2,256,8,4000,74.3,160.0,9.5,189.0,2340,1080,16,0.0,48,8.0,13.0,2.0,0,1,0,0,0,0,0,1,0,0,0,0,0,0,0,0,0,0,0,0,0,0,0,0,0,0,0,0,0,0,0,0,0,0,0,1,0,1,0,0,694
16.26,2.649,256,8,3730,74.2,156.7,9.6,186.0,2340,1080,25,0.0,16,20.0,0.0,0.0,0,1,0,0,0,0,0,1,0,0,0,0,0,0,0,0,0,0,0,0,0,0,0,0,0,0,0,0,0,0,0,0,0,0,1,0,0,0,1,0,1086
16.26,2.649,256,8,3730,74.2,156.7,9.6,186.0,2340,1080,25,0.0,16,20.0,0.0,0.0,0,1,0,0,0,0,0,0,0,0,0,0,0,0,0,0,0,0,0,1,0,0,0,0,0,0,0,0,0,0,0,0,0,0,1,0,0,0,1,0,1086
16.51,2.2,256,8,4000,75.8,161.8,8.67,195.0,2340,1080,16,0.0,48,8.0,2.0,2.0,0,1,0,0,0,0,0,0,0,0,0,0,0,0,0,0,0,0,0,0,0,0,0,0,0,0,0,0,0,0,0,0,0,0,0,1,0,1,0,0,534
14.48,2.5,64,4,3180,73.1,150.5,7.7,143.0,1440,720,8,0.0,13,0.0,0.0,0.0,0,1,0,0,0,0,0,0,0,1,0,0,0,0,0,0,0,0,0,0,0,0,0,0,0,0,0,0,0,0,1,0,0,0,0,0,0,0,1,0,258
16.56,1.8,128,8,5000,75.6,163.6,9.1,195.0,1600,720,16,0.0,48,8.0,2.0,2.0,0,1,0,0,0,0,0,0,0,0,0,0,0,0,0,1,0,0,0,0,0,0,0,0,0,0,0,0,0,0,0,0,0,0,0,1,0,0,1,0,285
15.75,2.3,32,3,4230,75.4,155.9,8.2,170.0,1520,720,8,0.0,13,2.0,0.0,0.0,0,1,0,0,0,0,0,1,0,0,0,0,0,0,0,0,0,0,0,0,0,0,0,0,0,0,0,0,0,0,0,0,0,0,1,0,0,0,1,0,245
15.75,2.3,32,2,4230,75.4,155.9,8.2,170.0,1520,720,8,0.0,13,2.0,0.0,0.0,0,1,0,0,0,0,0,0,0,0,0,0,0,0,0,0,0,0,0,1,0,0,0,0,0,0,0,0,0,0,0,0,0,0,1,0,0,0,1,0,231
15.75,2.3,32,3,4230,75.4,155.9,8.2,170.0,1520,720,8,0.0,13,2.0,0.0,0.0,0,1,0,0,0,0,0,0,0,0,0,0,0,0,0,0,0,0,0,0,0,0,0,0,0,0,0,0,0,0,0,0,0,0,1,0,0,0,1,0,169
16.28,1.95,64,6,3600,75.5,158.3,7.4,156.0,2340,1080,25,0.0,16,2.0,0.0,0.0,0,1,0,0,0,0,0,0,0,0,0,0,0,0,0,0,0,0,0,0,0,0,0,0,0,0,0,0,0,0,0,0,0,0,1,0,0,0,1,0,338
16.0,2.0,64,6,3500,74.0,156.7,7.99,169.0,2340,1080,25,0.0,16,2.0,0.0,0.0,0,1,0,0,0,0,0,0,0,0,0,0,0,0,0,0,0,0,0,1,0,0,0,0,0,0,0,0,0,0,0,0,0,0,1,0,0,0,1,0,356
16.28,1.95,64,6,3600,75.5,158.3,7.4,156.0,2340,1080,25,0.0,16,2.0,0.0,0.0,0,1,0,0,0,0,0,1,0,0,0,0,0,0,0,0,0,0,0,0,0,0,0,0,0,0,0,0,0,0,0,0,0,0,1,0,0,0,1,0,339
16.59,2.1,128,6,4020,76.1,162.0,8.3,188.0,1080,2340,16,0.0,48,5.0,0.0,0.0,0,1,0,0,0,0,0,0,0,0,0,0,0,1,0,0,0,0,0,0,0,0,0,0,0,0,0,0,0,0,0,0,0,0,0,1,0,0,1,0,320
15.49,2.0,32,2,4000,77.35,154.4,8.35,165.0,720,1560,5,0.0,8,0.0,0.0,0.0,0,1,0,0,0,0,0,0,0,0,0,0,0,0,0,0,0,0,0,1,0,0,0,0,0,0,0,0,0,0,0,0,0,0,0,1,0,0,1,0,151
15.75,1.8,64,3,4230,75.4,155.9,8.1,168.0,1520,720,16,0.0,13,2.0,0.0,0.0,0,1,0,0,0,0,0,0,0,0,0,0,1,0,0,0,0,0,0,0,0,0,0,0,0,0,0,0,0,0,0,0,0,0,1,0,0,0,1,0,249
16.0,2.0,64,6,3500,74.0,156.7,7.99,169.0,2340,1080,25,0.0,16,2.0,0.0,0.0,0,1,0,0,0,0,0,1,0,0,0,0,0,0,0,0,0,0,0,0,0,0,0,0,0,0,0,0,0,0,0,0,0,0,1,0,0,0,1,0,356
16.28,1.95,64,4,3600,75.5,158.3,7.4,156.0,2340,1080,25,0.0,16,2.0,0.0,0.0,0,1,0,0,0,0,0,1,0,0,0,0,0,0,0,0,0,0,0,0,0,0,0,0,0,0,0,0,0,0,0,0,0,0,1,0,0,0,1,0,349
16.0,2.0,64,6,3500,74.0,156.7,7.99,169.0,2340,1080,25,0.0,16,2.0,0.0,0.0,0,1,0,0,0,0,0,0,0,0,0,0,0,0,0,0,0,1,0,0,0,0,0,0,0,0,0,0,0,0,0,0,0,0,1,0,0,0,1,0,376
15.75,1.8,64,4,4230,75.4,155.9,8.1,168.0,1520,720,16,0.0,13,2.0,0.0,0.0,0,1,0,0,0,0,0,1,0,0,0,0,0,0,0,0,0,0,0,0,0,0,0,0,0,0,0,0,0,0,0,0,0,0,1,0,0,0,1,0,312
15.75,2.3,32,3,4230,75.4,155.9,8.2,170.0,1520,720,8,0.0,13,2.0,0.0,0.0,0,1,0,0,0,0,0,0,0,0,0,0,0,0,0,0,0,0,0,1,0,0,0,0,0,0,0,0,0,0,0,0,0,0,1,0,0,0,1,0,231
15.75,1.8,64,4,4230,75.6,156.2,8.2,168.0,1520,720,8,0.0,13,2.0,0.0,0.0,0,1,0,0,0,0,0,0,0,0,0,0,0,0,0,0,0,0,0,1,0,0,0,0,0,0,0,0,0,0,0,0,0,0,1,0,0,1,0,0,258
15.75,1.8,16,2,4230,75.6,156.2,8.2,168.0,1520,720,8,0.0,13,2.0,0.0,0.0,0,1,0,0,0,0,0,0,0,0,0,0,0,0,0,0,0,0,0,1,0,0,0,0,0,0,0,0,0,0,0,0,0,0,1,0,0,1,0,0,169
15.75,1.8,16,2,4230,75.6,156.2,8.2,168.0,1520,720,8,0.0,13,2.0,0.0,0.0,0,1,0,0,0,0,0,0,0,0,0,0,0,0,0,0,0,1,0,0,0,0,0,0,0,0,0,0,0,0,0,0,0,0,1,0,0,1,0,0,169
16.56,1.8,128,4,5000,75.6,163.6,9.1,195.0,1600,720,16,0.0,48,8.0,2.0,2.0,0,1,0,0,0,0,0,0,0,0,0,0,0,0,0,1,0,0,0,0,0,0,0,0,0,0,0,0,0,0,0,0,0,0,0,1,0,0,1,0,249
15.8,1.8,64,4,4230,75.5,155.9,8.3,165.0,1520,720,5,0.0,13,2.0,0.0,0.0,0,1,0,0,0,0,0,0,0,0,0,0,0,0,0,0,0,0,0,0,0,0,0,0,0,0,0,0,0,0,0,0,0,0,0,1,0,0,1,0,205
15.8,1.8,64,4,4230,75.5,155.9,8.3,165.0,1520,720,5,0.0,13,2.0,0.0,0.0,0,1,0,0,0,0,0,1,0,0,0,0,0,0,0,0,0,0,0,0,0,0,0,0,0,0,0,0,0,0,0,0,0,0,0,1,0,0,1,0,205
16.51,2.1,128,6,4000,76.1,161.3,8.8,190.0,2340,1080,16,0.0,48,5.0,0.0,0.0,0,1,0,0,0,0,0,0,0,0,0,0,0,0,1,0,0,0,0,0,0,0,0,0,0,0,0,0,0,0,0,0,0,0,0,1,0,0,1,0,302
16.51,2.1,128,6,4000,76.1,161.3,8.8,190.0,2340,1080,16,0.0,48,5.0,0.0,0.0,0,1,0,0,0,0,0,0,0,0,0,0,0,0,0,0,0,0,0,0,0,0,0,0,0,0,0,0,0,0,0,0,0,0,0,1,0,0,1,0,302
16.26,2.2,128,8,3700,74.6,157.6,7.9,183.0,2340,1080,25,0.0,12,20.0,0.0,0.0,0,1,0,0,0,0,0,0,0,0,0,0,0,0,0,0,0,0,1,0,0,0,0,0,0,0,0,0,0,0,0,0,0,0,1,0,0,1,0,0,562
14.48,2.5,32,3,3180,73.1,150.5,7.7,143.0,1440,720,8,0.0,13,0.0,0.0,0.0,0,1,0,0,0,0,0,0,0,0,0,0,0,0,0,0,0,0,0,0,0,0,0,0,0,0,0,0,0,0,1,0,0,0,0,0,0,0,1,0,240
14.48,2.5,16,2,3180,73.1,150.5,7.7,143.0,1440,720,8,0.0,13,0.0,0.0,0.0,0,1,0,0,0,0,0,0,0,0,0,0,0,0,0,0,0,0,0,1,0,0,0,0,0,0,0,0,0,0,1,0,0,0,0,0,0,0,1,0,169
15.82,2.0,64,4,3400,75.3,156.0,7.8,158.0,2280,1080,25,0.0,16,0.0,0.0,0.0,0,1,0,0,0,0,0,0,0,0,0,0,0,0,0,0,0,0,0,1,0,0,0,0,0,0,0,0,0,0,0,0,0,0,1,0,0,1,0,0,409
16.59,2.1,128,4,4020,76.1,162.0,8.3,188.0,1080,2340,16,0.0,48,5.0,0.0,0.0,0,1,0,0,0,0,0,0,0,0,0,0,0,1,0,0,0,0,0,0,0,0,0,0,0,0,0,0,0,0,0,0,0,0,0,1,0,0,1,0,249
16.59,2.1,128,4,4020,76.1,162.0,8.3,188.0,1080,2340,16,0.0,48,5.0,0.0,0.0,0,1,0,0,0,0,0,0,0,0,0,0,0,0,0,0,0,1,0,0,0,0,0,0,0,0,0,0,0,0,0,0,0,0,0,1,0,0,1,0,249
16.59,2.1,128,6,4020,76.1,162.0,8.3,188.0,1080,2340,16,0.0,48,5.0,0.0,0.0,0,1,0,0,0,0,0,0,0,0,0,0,0,0,0,0,0,0,0,0,0,0,0,0,1,0,0,0,0,0,0,0,0,0,0,1,0,0,1,0,320
13.97,1.4,64,4,3075,76.0,154.5,7.38,160.0,1280,720,16,0.0,13,0.0,0.0,0.0,0,1,0,0,0,0,0,0,0,0,0,0,1,0,0,0,0,0,0,0,0,0,0,0,0,1,0,0,0,0,0,0,0,0,0,0,0,1,0,0,338
13.97,1.4,64,4,3075,76.0,154.5,7.38,160.0,1280,720,16,0.0,13,0.0,0.0,0.0,0,1,0,0,0,0,0,0,0,0,0,0,0,0,1,0,0,0,0,0,0,0,0,0,0,1,0,0,0,0,0,0,0,0,0,0,0,1,0,0,338
13.97,1.4,64,4,3075,76.0,154.5,7.38,160.0,1280,720,16,0.0,13,0.0,0.0,0.0,0,1,0,0,0,0,0,0,0,0,0,0,1,0,0,0,0,0,0,0,0,0,0,0,0,1,0,0,0,0,0,0,0,0,0,0,0,0,1,0,338
13.21,1.8,16,3,3000,73.8,148.1,7.6,137.0,1280,720,5,0.0,13,0.0,0.0,0.0,0,1,0,0,0,0,0,1,0,0,0,0,0,0,0,0,0,0,0,0,0,0,0,0,0,0,0,0,0,0,1,0,0,0,0,0,0,0,1,0,151
15.75,1.8,32,3,4230,75.6,156.2,8.2,168.0,1520,720,8,0.0,13,2.0,0.0,0.0,0,1,0,0,0,0,0,0,0,0,0,0,0,0,0,0,0,1,0,0,0,0,0,0,0,0,0,0,0,0,0,0,0,0,1,0,0,1,0,0,231
13.97,1.5,64,4,3200,75.2,153.3,7.3,153.0,1920,1080,16,8.0,13,0.0,0.0,0.0,0,1,0,0,0,0,0,0,0,0,0,0,1,0,0,0,0,0,0,0,0,0,0,0,0,0,0,1,0,0,0,0,0,0,0,0,0,1,0,0,320
15.75,1.8,32,4,4230,75.6,156.1,8.2,170.0,1520,720,8,0.0,13,2.0,0.0,0.0,0,1,0,0,0,0,0,0,0,0,0,0,0,0,0,0,0,0,0,1,0,0,0,0,0,0,0,0,0,0,0,0,0,0,1,0,0,0,1,0,240
14.48,2.5,64,4,3180,73.1,150.5,7.7,143.0,1440,720,8,0.0,13,0.0,0.0,0.0,0,1,0,0,0,0,0,0,0,0,0,0,0,0,0,0,0,0,0,1,0,0,0,0,0,0,0,0,0,0,1,0,0,0,0,0,0,0,1,0,249
16.0,2.0,64,4,3500,74.0,156.7,7.99,169.0,2340,1080,16,0.0,16,2.0,0.0,0.0,0,1,0,0,0,0,0,0,0,0,0,0,0,0,0,0,0,1,0,0,0,0,0,0,0,0,0,0,0,0,0,0,0,0,1,0,0,0,1,0,303
15.75,1.8,64,4,4230,75.6,156.2,8.2,168.0,1520,720,8,0.0,13,2.0,0.0,0.0,0,1,0,0,0,0,0,0,0,0,0,0,0,0,0,0,0,1,0,0,0,0,0,0,0,0,0,0,0,0,0,0,0,0,1,0,0,1,0,0,267
15.75,1.8,64,4,4230,75.6,156.2,8.2,168.0,1520,720,8,0.0,13,2.0,0.0,0.0,0,1,0,0,0,0,0,0,0,0,0,0,0,0,0,0,0,0,0,1,0,0,0,0,0,0,0,0,0,0,0,0,0,0,1,0,0,1,0,0,258
15.75,1.8,16,2,4230,75.6,156.2,8.2,168.0,1520,720,8,0.0,13,2.0,0.0,0.0,0,1,0,0,0,0,0,0,0,0,0,0,0,0,0,0,0,0,0,1,0,0,0,0,0,0,0,0,0,0,0,0,0,0,1,0,0,1,0,0,169
15.75,1.8,16,2,4230,75.6,156.2,8.2,168.0,1520,720,8,0.0,13,2.0,0.0,0.0,0,1,0,0,0,0,0,0,0,0,0,0,0,0,0,0,0,1,0,0,0,0,0,0,0,0,0,0,0,0,0,0,0,0,1,0,0,1,0,0,169
16.76,2.8,256,8,4065,77.2,162.0,9.3,215.0,2340,1080,16,0.0,48,13.0,8.0,0.0,0,1,0,0,0,0,0,0,0,0,0,0,0,0,0,0,0,0,0,0,0,0,0,0,0,0,0,0,0,0,0,0,0,0,0,1,0,0,1,0,747
16.76,2.8,128,6,4065,77.2,162.0,9.3,215.0,2340,1080,16,0.0,48,13.0,8.0,0.0,0,1,0,0,0,0,0,0,0,0,0,0,0,0,0,0,0,0,0,0,0,0,0,0,0,0,0,0,0,0,0,0,0,0,0,1,0,0,1,0,694
16.56,1.8,128,4,5000,75.6,163.6,9.1,195.0,1600,720,16,0.0,48,8.0,2.0,2.0,0,1,0,0,0,0,0,0,0,0,0,0,0,0,0,1,0,0,0,0,0,0,0,0,0,0,0,0,0,0,0,0,0,0,0,1,0,0,1,0,249
15.8,1.8,64,4,4230,75.5,155.9,8.3,165.0,1520,720,5,0.0,13,2.0,0.0,0.0,0,1,0,0,0,0,0,0,0,0,0,0,0,0,0,0,0,0,0,0,0,0,0,0,0,0,0,0,0,0,0,0,0,0,0,1,0,0,1,0,205
15.8,1.8,64,4,4230,75.5,155.9,8.3,165.0,1520,720,5,0.0,13,2.0,0.0,0.0,0,1,0,0,0,0,0,1,0,0,0,0,0,0,0,0,0,0,0,0,0,0,0,0,0,0,0,0,0,0,0,0,0,0,0,1,0,0,1,0,205
16.51,2.1,128,6,4000,76.1,161.3,8.8,190.0,2340,1080,16,0.0,48,5.0,0.0,0.0,0,1,0,0,0,0,0,0,0,0,0,0,0,0,1,0,0,0,0,0,0,0,0,0,0,0,0,0,0,0,0,0,0,0,0,1,0,0,1,0,302
16.51,2.1,128,6,4000,76.1,161.3,8.8,190.0,2340,1080,16,0.0,48,5.0,0.0,0.0,0,1,0,0,0,0,0,0,0,0,0,0,0,0,0,0,0,0,0,0,0,0,0,0,0,0,0,0,0,0,0,0,0,0,0,1,0,0,1,0,302
16.26,2.2,128,8,3700,74.6,157.6,7.9,183.0,2340,1080,25,0.0,12,20.0,0.0,0.0,0,1,0,0,0,0,0,0,0,0,0,0,0,0,0,0,0,0,1,0,0,0,0,0,0,0,0,0,0,0,0,0,0,0,1,0,0,1,0,0,562
14.48,2.5,32,3,3180,73.1,150.5,7.7,143.0,1440,720,8,0.0,13,0.0,0.0,0.0,0,1,0,0,0,0,0,0,0,0,0,0,0,0,0,0,0,0,0,0,0,0,0,0,0,0,0,0,0,0,1,0,0,0,0,0,0,0,1,0,240
14.48,2.5,16,2,3180,73.1,150.5,7.7,143.0,1440,720,8,0.0,13,0.0,0.0,0.0,0,1,0,0,0,0,0,0,0,0,0,0,0,0,0,0,0,0,0,1,0,0,0,0,0,0,0,0,0,0,1,0,0,0,0,0,0,0,1,0,169
15.82,2.0,64,4,3400,75.3,156.0,7.8,158.0,2280,1080,25,0.0,16,0.0,0.0,0.0,0,1,0,0,0,0,0,0,0,0,0,0,0,0,0,0,0,0,0,1,0,0,0,0,0,0,0,0,0,0,0,0,0,0,1,0,0,1,0,0,409
16.59,2.1,128,4,4020,76.1,162.0,8.3,188.0,1080,2340,16,0.0,48,5.0,0.0,0.0,0,1,0,0,0,0,0,0,0,0,0,0,0,1,0,0,0,0,0,0,0,0,0,0,0,0,0,0,0,0,0,0,0,0,0,1,0,0,1,0,249
16.59,2.1,128,4,4020,76.1,162.0,8.3,188.0,1080,2340,16,0.0,48,5.0,0.0,0.0,0,1,0,0,0,0,0,0,0,0,0,0,0,0,0,0,0,1,0,0,0,0,0,0,0,0,0,0,0,0,0,0,0,0,0,1,0,0,1,0,249
